Day,Date,MLD_A,MLD_B,MLD_C,IN_PH,IN_DO,IN_TSS,IN_COD,IN_BOD,IN_MPN,OUT_PH,OUT_DO,OUT_TSS,OUT_COD,OUT_BOD,OUT_MPN,
1,01-Apr-19,117,113,110,7.37,0,267,280,160,,7.59,5.1,39,88,29,,
2,02-Apr-19,107,101,94,7.32,0,254,264,160,,7.64,5.2,36,72,25,,
3,03-Apr-19,127,117,117,7.28,0,246,240,150,,7.66,5,36,80,27,,
4,04-Apr-19,130,121,124,7.37,0,265,272,145,,7.6,5.1,39,64,24,,
5,05-Apr-19,131,122,126,7.42,0,253,264,140,,7.69,4.9,42,72,26,,
6,06-Apr-19,128,120,122,7.36,0,238,240,165,,7.54,5.2,35,80,28,,
7,07-Apr-19,120,115,113,7.31,0,270,272,163,,7.58,5,44,76,25,,
8,08-Apr-19,126,116,114,7.39,0,255,256,150,,7.63,5.1,41,84,27,,
9,09-Apr-19,126,122,125,7.35,0,264,280,160,,7.56,4.8,34,72,25,,
10,10-Apr-19,127,122,128,7.42,0,240,264,158,,7.68,5.1,37,68,28,,
11,11-Apr-19,134,120,129,7.37,0,233,276,165,,7.72,5.3,42,80,26,,
12,12-Apr-19,134,119,126,7.34,0,246,248,145,,7.65,5,46,64,25,,
13,13-Apr-19,110,107,106,7.28,0,217,232,150,,7.59,4.9,33,56,29,,
14,14-Apr-19,119,109,114,7.32,0,257,264,160,,7.57,5.1,37,72,26,,
15,15-Apr-19,125,116,120,7.29,0,276,260,155,,7.58,5.2,40,80,25,,
16,16-Apr-19,119,110,110,7.35,0,277,280,145,,7.63,5.3,46,88,28,,
17,17-Apr-19,123,113,119,7.26,0,231,252,148,,7.6,4.9,36,64,25,,
18,18-Apr-19,124,112,114,7.32,0,279,272,155,,7.64,5.1,38,72,27,,
19,19-Apr-19,125,113,109,7.4,0,247,264,150,,7.56,4.8,44,84,26,,
20,20-Apr-19,119,111,116,7.33,0,273,288,158,,7.62,5,40,68,28,,
21,21-Apr-19,129,118,124,7.37,0,265,280,160,,7.65,5.2,43,88,24,,
22,22-Apr-19,122,115,119,7.28,0,239,256,150,,7.59,4.9,45,80,27,,
23,23-Apr-19,124,117,119,7.35,0,262,264,160,,7.7,5.3,40,72,26,,
24,24-Apr-19,117,107,110,7.41,0,225,248,145,,7.65,4.9,37,84,28,,
25,25-Apr-19,122,117,119,7.33,0,258,272,155,,7.62,4.7,35,64,29,,
26,26-Apr-19,113,104,105,7.26,0,282,296,170,,7.6,5,46,80,26,,
27,27-Apr-19,106,101,98,7.35,0,268,288,165,,7.56,4.8,42,68,25,,
28,28-Apr-19,111,106,107,7.36,0,262,280,150,,7.58,4.7,39,80,28,,
29,29-Apr-19,133,115,116,7.33,0,241,264,158,,7.66,5,36,72,24,,
30,30-Apr-19,110,111,112,7.26,0,238,252,145,,7.52,4.9,34,68,25,,
,,,,,,,,,,,,,,,,,
31,01-May-19,117,106,104,7.3,0,254,272,150,,7.68,5,39,80,27,,
32,02-May-19,119,107,106,7.34,0,244,280,163,,7.63,4.8,42,64,26,,
33,03-May-19,120,113,112,7.38,0,225,264,150,,7.7,5.2,35,56,27,,
34,04-May-19,110,116,116,7.32,0,220,248,155,,7.63,5.1,40,72,29,,
35,05-May-19,122,117,111,7.3,0,236,264,163,,7.57,4.9,35,64,25,,
36,06-May-19,127,117,115,7.38,0,247,272,155,,7.62,5,42,84,27,,
37,07-May-19,123,115,120,7.35,0,280,256,150,,7.58,4.8,41,68,25,,
38,08-May-19,123,115,116,7.48,0,249,280,170,,7.72,5,44,72,27,,
39,09-May-19,121,111,115,7.42,0,265,272,160,,7.6,4.7,42,80,29,,
40,10-May-19,128,119,116,7.39,0,286,280,163,,7.7,5,37,64,27,,
41,11-May-19,123,115,112,7.4,0,277,264,150,,7.68,5.1,43,80,25,,
42,12-May-19,124,116,114,7.36,0,246,244,143,,7.7,5.3,38,76,26,,
43,13-May-19,118,109,103,7.29,0,263,264,153,,7.61,4.9,43,72,24,,
44,14-May-19,119,112,108,7.34,0,253,240,140,,7.65,5.1,46,84,27,,
45,15-May-19,126,133,124,7.27,0.2,245,248,145,,7.67,5.2,40,64,25,,
46,16-May-19,123,110,115,7.25,0,236,248,150,,7.63,5,38,80,26,,
47,17-May-19,122,118,116,7.3,0,258,272,163,,7.64,4.8,46,60,28,,
48,18-May-19,124,117,117,7.34,0,244,264,158,,7.7,5.1,42,76,27,,
49,19-May-19,132,115,115,7.34,0,260,272,158,,7.67,4.9,40,72,25,,
50,20-May-19,129,122,118,7.39,0,267,280,150,,7.6,4.8,38,68,27,,
51,21-May-19,129,124,123,7.35,0,273,260,138,,7.63,5,36,80,29,,
52,22-May-19,125,123,123,7.26,0,253,288,150,,7.58,4.7,39,64,26,,
53,23-May-19,116,118,114,7.32,0,273,272,158,,7.61,4.9,44,84,27,,
54,24-May-19,126,125,120,7.4,0,262,248,150,,7.7,5.1,40,72,28,,
55,25-May-19,130,123,121,7.33,0,251,264,145,,7.65,4.8,37,80,25,,
56,26-May-19,127,120,124,7.38,0,236,240,150,,7.72,5.2,47,88,27,,
57,27-May-19,129,121,126,7.21,0,236,256,140,,7.64,5,37,64,24,,
58,28-May-19,131,122,129,7.28,0,262,264,153,,7.69,5.1,41,80,28,,
59,29-May-19,129,122,125,7.3,0,255,280,160,,7.67,4.9,39,84,25,,
60,30-May-19,128,121,130,7.26,0,270,272,155,,7.61,4.7,36,68,27,,
61,31-May-19,118,112,114,7.35,0,244,260,160,,7.7,5.1,43,76,26,,
,,,,,,,,,,,,,,,,,
62,01-Jun-19,120,115,116,7.41,0,262,288,150,,7.72,4.8,45,80,28,,
63,02-Jun-19,123,125,121,7.34,0,240,264,140,,7.65,5,42,88,25,,
64,03-Jun-19,120,116,110,7.32,0,272,256,153,,7.63,4.8,46,80,28,,
65,04-Jun-19,125,119,117,7.28,0,239,240,148,,7.6,5,38,72,26,,
66,05-Jun-19,126,117,120,7.2,0,226,248,155,,7.56,4.9,45,84,27,,
67,06-Jun-19,,,,7.28,0,247,272,163,,7.72,5.2,41,68,28,,
68,07-Jun-19,118,110,112,7.26,0,243,256,145,,7.65,5,45,80,25,,
69,08-Jun-19,123,116,122,7.39,0,251,240,140,,7.72,4.9,39,72,27,,
70,09-Jun-19,116,113,112,7.29,0,261,256,140,,7.67,4.8,42,84,26,,
71,10-Jun-19,127,116,117,7.35,0,250,264,150,,7.6,4.6,47,92,28,,
72,11-Jun-19,127,117,120,7.32,0,276,248,145,,7.65,4.9,43,80,29,,
73,12-Jun-19,111,111,112,7.4,0,253,240,135,,7.58,4.8,38,72,27,,
74,13-Jun-19,132,111,111,7.33,0,265,272,163,,7.67,5.1,42,88,26,,
75,14-Jun-19,119,111,114,7.37,0,246,232,160,,7.62,4.7,41,80,24,,
76,15-Jun-19,111,111,105,7.4,0,256,256,150,,7.65,4.9,44,72,28,,
77,16-Jun-19,123,113,114,7.35,0,226,248,145,,7.58,4.6,36,64,26,,
78,17-Jun-19,105,105,102,7.3,0,238,264,155,,7.64,4.8,40,72,29,,
79,18-Jun-19,128,122,123,7.33,0,262,256,150,,7.67,5.1,46,88,25,,
80,19-Jun-19,123,121,123,7.28,0,233,240,135,,7.65,5,39,76,25,,
81,20-Jun-19,130,120,123,7.29,0,266,252,145,,7.58,4.8,43,64,24,,
82,21-Jun-19,132,122,124,7.35,0,250,272,150,,7.56,4.6,40,80,26,,
83,22-Jun-19,130,117,115,7.27,0,267,296,160,,7.64,4.9,45,88,28,,
84,23-Jun-19,136,118,121,7.32,0,243,280,140,,7.7,5.2,39,84,25,,
85,24-Jun-19,127,114,115,7.3,0,248,264,135,,7.66,4.8,37,72,27,,
86,25-Jun-19,130,122,120,7.42,0,225,256,150,,7.59,4.5,42,80,29,,
87,26-Jun-19,122,116,117,7.37,0,220,248,140,,7.63,4.8,35,60,26,,
88,27-Jun-19,125,116,115,7.27,0,249,272,155,,7.68,5,43,76,25,,
89,28-Jun-19,127,115,118,7.31,0,255,264,150,,7.64,4.7,40,80,28,,
90,29-Jun-19,121,114,115,7.35,0,269,280,160,,7.7,5.1,36,64,27,,
91,30-Jun-19,93,90,86,7.29,0,242,260,145,,7.65,4.9,39,72,25,,
,,,,,,,,,,,,,,,,,
92,01-Jul-19,93,81,82,7.33,0,253,256,145,,7.67,4.7,42,80,29,,
93,02-Jul-19,121,114,111,7.3,0,267,240,135,,7.62,4.9,45,72,26,,
94,03-Jul-19,127,121,125,7.21,0,270,260,153,,7.67,5,41,64,25,,
95,04-Jul-19,109,94,94,7.19,0,315,280,150,,7.56,4.6,39,80,28,,
96,05-Jul-19,131,124,127,7.2,0,293,272,155,,7.59,5,45,88,26,,
97,06-Jul-19,134,128,136,7.25,0,276,264,160,,7.63,4.9,42,88,29,,
98,07-Jul-19,131,120,126,7.32,0,255,288,148,,7.66,5.1,37,72,27,,
99,08-Jul-19,124,117,118,7.38,0.4,260,268,140,,7.6,4.7,40,72,25,,
100,09-Jul-19,142,127,134,7.4,0.6,248,280,155,,7.68,5,42,84,27,,
101,10-Jul-19,127,113,118,7.34,0.4,313,320,160,,7.58,4.6,39,88,28,,
102,11-Jul-19,97,83,86,7.3,0.2,283,296,165,,7.65,4.9,37,76,27,,
103,12-Jul-19,132,123,129,7.38,0.5,304,288,150,,7.67,5,41,72,25,,
104,13-Jul-19,112,111,105,7.33,0,252,264,135,,7.71,5.1,47,80,29,,
105,14-Jul-19,112,113,109,7.29,0,280,296,155,,7.66,5,44,88,28,,
106,15-Jul-19,117,112,112,7.32,0,266,272,145,,7.6,4.8,37,68,26,,
107,16-Jul-19,103,99,88,7.27,0.2,270,264,150,,7.63,4.9,40,72,27,,
108,17-Jul-19,104,94,94,7.3,0.1,260,248,143,,7.68,5.1,42,64,24,,
109,18-Jul-19,113,107,102,7.25,0,257,240,135,,7.62,4.7,45,72,26,,
110,19-Jul-19,110,105,107,7.23,0,251,256,140,,7.59,4.9,42,80,28,,
111,20-Jul-19,113,105,106,7.27,0,238,244,130,,7.57,4.8,38,68,25,,
112,21-Jul-19,119,110,104,7.25,0,249,272,150,,7.58,4.6,44,88,28,,
113,22-Jul-19,126,116,116,7.33,0,233,264,145,,7.64,4.8,40,76,27,,
114,23-Jul-19,110,109,105,7.26,0,267,248,150,,7.57,4.9,42,72,26,,
115,24-Jul-19,110,109,110,7.32,0,272,260,155,,7.6,4.6,45,64,29,,
116,25-Jul-19,111,104,99,7.26,0,244,256,130,,7.69,5,35,80,24,,
117,26-Jul-19,111,100,108,7.35,0,278,240,150,,7.72,5.2,47,60,26,,
118,27-Jul-19,99,105,103,7.3,0,257,272,135,,7.65,4.8,42,72,28,,
119,28-Jul-19,118,118,113,7.36,0,265,288,160,,7.7,5,48,88,25,,
120,29-Jul-19,86,87,80,7.26,0,235,248,145,,7.58,4.7,38,72,27,,
121,30-Jul-19,57,58,49,7.4,0,280,264,143,,7.65,5,45,56,25,,
122,31-Jul-19,107,105,102,7.43,0,253,248,150,,7.67,5.4,48,72,26,,
,,,,,,,,,,,,,,,,,
123,01-Aug-19,119,114,112,7.37,0,287,272,163,,7.7,5.2,42,64,28,,
124,02-Aug-19,104,103,95,7.23,0,263,264,160,,7.62,5,38,72,29,,
125,03-Aug-19,90,91,78,7.26,0,239,252,145,,7.58,4.8,43,76,26,,
126,04-Aug-19,100,98,89,7.32,0,248,240,135,,7.64,5,40,80,27,,
127,05-Aug-19,124,113,113,7.28,0,257,248,130,,7.58,4.6,42,64,24,,
128,06-Aug-19,118,111,107,7.3,0,243,232,135,,7.62,4.5,38,72,26,,
129,07-Aug-19,123,120,117,7.23,0,246,264,140,,7.57,4.8,41,80,28,,
130,08-Aug-19,119,118,116,7.36,0.5,230,224,125,,7.68,5,37,76,24,,
131,09-Aug-19,115,113,116,7.26,0.3,237,240,135,,7.59,4.9,34,68,26,,
132,10-Aug-19,125,116,120,7.3,0.4,242,232,130,,7.57,4.7,38,64,25,,
133,11-Aug-19,118,105,108,7.35,0.2,257,240,140,,7.64,5,42,72,28,,
134,12-Aug-19,108,100,98,7.3,0.4,243,256,145,,7.68,5.2,38,80,26,,
135,13-Aug-19,108,100,97,7.36,0.5,263,248,135,,7.63,4.9,36,56,24,,
136,14-Aug-19,108,104,96,7.26,0,245,264,150,,7.58,4.7,40,72,27,,
137,15-Aug-19,113,114,110,7.33,0,225,240,138,,7.65,5,36,64,25,,
138,16-Aug-19,123,116,110,7.27,0.3,258,272,150,,7.72,5.2,43,80,24,,
139,17-Aug-19,135,130,89,7.36,0.4,230,256,140,,7.68,5,37,60,28,,
140,18-Aug-19,124,98,124,7.28,0,246,248,130,,7.74,5.3,41,72,26,,
141,19-Aug-19,127,120,98,7.37,0,252,268,125,,7.64,4.8,35,56,27,,
142,20-Aug-19,116,103,104,7.33,0.4,245,240,135,,7.7,5.2,40,80,29,,
143,21-Aug-19,120,115,114,7.3,0.6,234,224,130,,7.65,5,38,76,25,,
144,22-Aug-19,118,104,100,7.36,0.4,226,216,125,,7.68,4.8,37,64,24,,
145,23-Aug-19,123,111,111,7.33,0.2,215,232,130,,7.72,5.2,34,64,27,,
146,24-Aug-19,131,119,117,7.3,0.4,200,224,140,,7.59,4.7,38,72,28,,
147,25-Aug-19,115,108,101,7.36,0.6,228,248,135,,7.63,4.5,35,56,26,,
148,26-Aug-19,126,117,112,7.4,0.8,204,228,133,,7.68,5,40,76,27,,
149,27-Aug-19,127,120,122,7.35,0.4,227,240,140,,7.73,5.2,38,64,28,,
150,28-Aug-19,131,125,130,7.42,0.5,242,232,130,,7.74,5,40,68,25,,
151,29-Aug-19,126,111,115,7.39,0.3,236,224,125,,7.68,5.1,38,72,27,,
152,30-Aug-19,135,125,131,7.34,0.1,223,248,135,,7.62,4.8,43,80,29,,
153,31-Aug-19,134,122,123,7.38,0.5,205,240,138,,7.68,5,45,88,27,,
,,,,,,,,,,,,,,,,,
154,01-Sep-19,121,122,122,7.4,0.4,216,232,135,,7.69,4.9,39,80,26,,
155,02-Sep-19,100,109,111,7.33,0,212,224,150,,7.61,4.7,41,72,24,,
156,03-Sep-19,112,107,108,7.37,0.3,228,236,145,,7.65,5,33,56,26,,
157,04-Sep-19,120,113,113,7.3,0.2,217,248,155,,7.58,5.7,41,64,24,,
158,05-Sep-19,130,119,116,7.35,0.4,232,240,150,,7.72,5.1,35,76,28,,
159,06-Sep-19,128,114,121,7.36,0.5,221,232,140,,7.7,4.9,38,64,25,,
160,07-Sep-19,125,112,115,7.38,0,241,248,143,,7.72,5,43,72,27,,
161,08-Sep-19,110,101,100,7.34,0,246,224,135,,7.68,4.8,39,80,29,,
162,09-Sep-19,120,108,109,7.25,0,236,240,140,,7.59,5,42,68,26,,
163,10-Sep-19,113,104,104,7.28,0,227,232,145,,7.65,5.3,38,72,28,,
164,11-Sep-19,117,110,110,7.27,0,243,248,150,,7.62,5,42,84,29,,
165,12-Sep-19,115,106,102,7.24,0,252,264,155,,7.68,4.8,45,88,26,,
166,13-Sep-19,128,119,117,7.4,0.5,224,252,135,,7.72,5.1,39,68,28,,
167,14-Sep-19,114,107,102,7.25,0.3,238,248,115,,7.58,4.7,36,64,25,,
168,15-Sep-19,122,114,112,7.3,0.6,215,232,110,,7.64,4.9,43,80,27,,
169,16-Sep-19,115,106,106,7.35,0.2,237,224,100,,7.57,4.6,40,72,26,,
170,17-Sep-19,117,116,103,7.23,0,218,240,105,,7.68,5,45,88,29,,
171,18-Sep-19,124,100,110,7.26,0,215,224,110,,7.59,4.8,41,64,26,,
172,19-Sep-19,97,97,94,7.3,0,201,184,90,,7.62,5,37,80,24,,
173,20-Sep-19,101,96,86,7.21,0.7,166,172,93,,7.5,5.1,41,76,27,,
174,21-Sep-19,113,109,107,7.24,0.4,170,180,88,,7.54,4.8,39,68,25,,
175,22-Sep-19,116,105,103,7.2,0.2,160,176,100,,7.5,4.6,43,72,28,,
176,23-Sep-19,100,96,89,7.22,0.4,173,160,80,,7.54,4.8,40,88,26,,
177,24-Sep-19,109,98,91,7.27,0.5,164,168,85,,7.58,4.7,35,80,27,,
178,25-Sep-19,105,95,93,7.3,0.4,182,192,78,,7.64,4.9,37,68,25,,
179,26-Sep-19,100,95,88,7.24,0.5,162,176,85,,7.56,4.6,42,76,28,,
180,27-Sep-19,92,83,80,7.32,0.7,145,164,80,,7.62,4.8,35,60,26,,
181,28-Sep-19,103,98,95,7.14,0.5,153,160,75,,7.52,4.5,38,72,27,,
182,29-Sep-19,100,92,92,7.21,0.5,173,168,83,,7.59,4.8,39,64,25,,
183,30-Sep-19,107,104,97,7.17,0.4,164,176,90,,7.54,5,38,76,28,,
,,,,,,,,,,,,,,,,,
184,01-Oct-19,108,102,97,7.12,0,181,200,100,,7.51,4.7,42,64,24,,
185,02-Oct-19,112,108,105,7.19,0,175,196,80,,7.6,4.6,46,80,28,,
186,03-Oct-19,103,99,94,7.15,0.2,188,180,75,,7.56,4.8,72,72,26,,
187,04-Oct-19,114,101,106,7.2,0,166,172,90,,7.53,4.5,44,84,24,,
188,05-Oct-19,115,113,114,7.18,0,186,200,105,,7.56,4.7,38,68,26,,
189,06-Oct-19,127,119,119,7.16,0,173,184,95,,7.54,4.5,42,80,28,,
190,07-Oct-19,115,110,106,7.25,0,168,176,100,,7.6,4.3,36,64,25,,
191,08-Oct-19,104,99,93,7.2,0.3,179,192,110,,7.62,4.7,41,72,27,,
192,09-Oct-19,114,104,102,7.16,0.5,187,168,105,,7.57,4.5,46,88,29,,
193,10-Oct-19,111,109,98,7.21,0,182,192,98,,7.62,4.9,37,68,26,,
194,11-Oct-19,120,113,110,7.21,0,188,208,103,,7.5,4.6,42,72,28,,
195,12-Oct-19,118,109,103,7.18,0,166,184,98,,7.52,4.5,37,84,25,,
196,13-Oct-19,118,112,107,7.16,0,173,168,93,,7.54,4.7,41,76,28,,
197,14-Oct-19,103,93,89,7.23,0.3,178,192,113,,7.51,4.2,45,88,24,,
198,15-Oct-19,113,109,104,7.21,0,196,216,105,,7.58,4.4,38,80,26,,
199,16-Oct-19,122,114,112,7.16,0,249,240,118,,7.54,4.6,36,72,27,,
200,17-Oct-19,124,120,121,7.14,0,221,232,115,,7.56,4.2,34,64,25,,
201,18-Oct-19,122,112,110,7.19,0,236,252,125,,7.46,4.5,39,60,28,,
202,19-Oct-19,116,116,116,7.15,0,205,224,118,,7.45,4.3,42,76,26,,
203,20-Oct-19,114,108,105,7.2,0,220,244,128,,7.52,4.7,37,68,29,,
204,21-Oct-19,129,119,119,7.21,0,248,264,145,,7.46,4.5,43,88,27,,
205,22-Oct-19,104,106,100,7.25,0,236,240,138,,7.45,4.3,39,84,25,,
206,23-Oct-19,110,106,95,7.21,0,265,280,150,,7.42,4.6,40,64,26,,
207,24-Oct-19,108,103,106,7.25,0,306,320,155,,7.4,4.4,36,80,28,,
208,25-Oct-19,103,98,92,7.21,0.5,239,224,100,100,7.44,4.2,43,72,24,,
209,26-Oct-19,104,95,93,7.2,0,296,272,120,120,7.41,4.5,39,80,26,,
210,27-Oct-19,100,93,84,,,,,,,,,,,,,
211,28-Oct-19,88,79,76,7.23,0,266,248,105,105,7.45,4.3,42,72,24,,
212,29-Oct-19,99,96,93,7.15,0,230,264,150,150,7.5,4.2,36,60,25,,
213,30-Oct-19,97,88,83,7.15,0,218,208,95,95,7.4,4.1,39,80,27,,
214,31-Oct-19,98,91,85,7.2,0,261,288,133,,7.42,4.3,35,64,24,,
,,,,,,,,,,,,,,,,,
215,01-Nov-19,96.55,85.31,81.73,7.2,0,312,320,163,9.4,7.4,4.4,36,80,26,7100,
216,02-Nov-19,85.2,85.94,73.48,7.14,0,206,192,120,9.2,7.47,4.5,35,72,28,8100,
217,03-Nov-19,80.05,78.13,67.02,7.14,0,247,232,140,17,7.45,4.6,37,68,24,6000,
218,04-Nov-19,72.98,75.06,66.36,7.15,0,221,208,115,6.3,7.51,4.6,33,60,25,7800,
219,05-Nov-19,73.01,82.62,63.08,7.25,0,215,232,130,7,7.54,4.4,37,80,26,4000,
220,06-Nov-19,72.79,77.64,66.05,7.25,0,228,256,145,7.9,7.54,4.8,36,72,27,9200,
221,07-Nov-19,87.27,89.11,77.99,7.22,0,260,288,155,9.4,7.49,4.7,38,64,25,7100,
222,08-Nov-19,69.5,66.58,55.6,7.26,0,236,264,150,14,7.49,4.9,32,60,23,7800,
223,09-Nov-19,93.91,94.99,82.74,7.25,0,226,272,145,7.9,7.5,5,36,56,25,3600,
224,10-Nov-19,97.3,93.42,84.22,7.27,0,223,240,145,9.2,7.49,4.2,40,72,28,7100,
225,11-Nov-19,84.42,83.26,70.46,7.31,0,218,240,128,17,7.52,5,38,64,26,3300,
226,12-Nov-19,99.64,100.68,92.85,7.33,0,234,248,135,9.4,7.54,5.2,42,80,27,5600,
227,13-Nov-19,105.41,109.59,102.74,7.32,0,216,232,120,15,7.53,5.1,37,68,25,8100,
228,14-Nov-19,84.9,109.03,106.43,7.28,0,212,224,128,11,7.49,5,43,72,26,6000,
229,15-Nov-19,101.87,105.81,101.11,7.3,0,242,256,123,1.4,7.46,4.2,47,88,29,8100,
230,16-Nov-19,113.67,110,110.25,7.34,0,216,224,115,1.7,7.45,4,46,96,27,4000,
231,17-Nov-19,121.17,112.53,11.78,7.32,0,223,240,125,9.4,7.46,4.1,45,72,27,7100,
232,18-Nov-19,110.57,105.92,104.64,7.26,0,219,232,140,7,7.48,4.3,47,80,29,1800,
233,19-Nov-19,115.25,100.52,109.27,7.24,0,239,256,150,1.7,7.38,4.6,44,84,25,4000,
234,20-Nov-19,111.67,107.65,109.04,7.23,0,212,232,118,1.4,7.39,4.2,46,80,28,4500,
235,21-Nov-19,132.88,109.64,110.42,7.24,0,237,256,145,9.4,7.4,4.1,42,68,26,6000,
236,22-Nov-19,119.69,105.35,108.12,7.26,0,215,232,115,6.3,7.42,4,44,72,28,5600,
237,23-Nov-19,99.75,94.81,91.17,7.18,0,271,312,170,9.4,7.34,4.2,41,80,25,4500,
238,24-Nov-19,102.37,99.14,96.56,7.23,0,216,240,120,1.4,7.38,4,46,72,27,6000,
239,25-Nov-19,116.04,104.4,102.15,7.28,0,229,248,128,9.4,7.37,4.1,47,80,26,5600,
240,26-Nov-19,127.79,115.66,114.27,7.19,0,216,232,123,7,7.39,4,43,64,28,8100,
241,27-Nov-19,125,111,108,7.21,0,219,240,135,6.3,7.32,4.2,40,72,25,8200,
242,28-Nov-19,134,114,114,7.18,0,238,248,140,15,7.32,4.1,42,80,27,9200,
243,29-Nov-19,121,108,107,7.18,0,212,224,123,7.9,7.29,4,47,88,28,7800,
244,30-Nov-19,118,102,102,7.21,0,221,232,135,7,7.39,4.2,45,80,25,8100,
,,,,,,,,,,,,,,,,,
245,01-Dec-19,122.17,101.93,105.96,7.19,0,220,240,135,4.7,7.3,4.1,46,80,29,0.047,
246,02-Dec-19,119.7,104.18,103.54,7.19,0,207,224,123,11,7.36,4,42,72,25,0.081,
247,03-Dec-19,128.54,107.27,106.97,7.2,0,223,232,130,17,7.31,4.2,39,64,24,0.055,
248,04-Dec-19,126.17,110.63,110.23,7.18,0,203,216,108,26,7.31,4.1,37,72,26,0.068,
249,05-Dec-19,119.88,107.07,105.15,7.17,0,257,280,145,17,7.37,4.2,36,80,28,0.056,
250,06-Dec-19,104.13,97.3,92.17,7.2,0,209,224,125,35,7.38,4,41,76,25,0.082,
251,07-Dec-19,99.2,93.48,86.71,7.17,0,210,232,128,22,7.38,4.3,44,72,29,0.06,
252,08-Dec-19,101.87,93.2,89.43,7.18,0,221,232,125,28,7.36,4.1,42,64,28,0.091,
253,09-Dec-19,110.31,99.43,96.19,7.17,0,216,240,135,21,7.32,4,39,80,26,0.093,
254,10-Dec-19,112.54,100.84,95.18,7.23,0,319,344,165,28,7.38,4.2,47,80,25,0.036,
255,11-Dec-19,113.07,99.91,98.56,7.18,0,201,216,120,21,7.38,4,41,72,28,0.064,
256,12-Dec-19,102.45,92.25,86.85,7.24,0,212,232,130,28,7.37,4.3,38,64,27,0.056,
257,13-Dec-19,103.4,89.4,88.09,7.23,0,207,224,125,35,7.36,4,46,84,26,0.061,
258,14-Dec-19,91.01,83.6,76.17,7.16,0,214,232,128,28,7.36,4.3,37,64,27,0.068,
259,15-Dec-19,113.43,103.04,104.23,7.2,0,209,224,115,21,7.36,4.2,47,72,25,0.061,
260,16-Dec-19,116.99,108.64,105.13,7.18,0,303,320,155,35,7.32,4.3,42,76,28,0.081,
261,17-Dec-19,120,113,89,7.19,0,271,304,140,28,7.33,4.2,44,80,26,0.082,
262,18-Dec-19,123.3,110.63,74.77,7.18,0,211,240,118,21,7.37,4,46,68,24,0.06,
263,19-Dec-19,83.6,83.89,51.5,7.19,0,218,232,120,35,7.33,4.3,38,64,25,0.061,
264,20-Dec-19,86.04,73.03,48.93,7.18,0,204,232,118,28,7.38,4.4,36,72,21,0.056,
265,21-Dec-19,86.36,77.36,48.81,7.15,0,235,256,135,43,7.36,4.6,43,80,27,0.082,
266,22-Dec-19,97.3,94.93,61.35,7.27,0,226,248,125,35,7.41,4.5,38,64,26,0.06,
267,23-Dec-19,94.98,97.8,62.4,7.23,0,256,280,140,28,7.35,4.3,47,80,28,0.081,
268,24-Dec-19,101.1,99.4,65.56,7.26,0,215,232,115,22,7.41,4.4,39,72,25,0.061,
269,25-Dec-19,109.37,104.58,68.32,7.24,0,209,224,105,17,7.39,4.3,36,64,24,0.068,
270,26-Dec-19,93.77,91,58.62,7.13,0,190,208,93,22,7.4,4.5,42,80,26,0.056,
271,27-Dec-19,103.47,99.2,67.63,7.21,0,183,208,135,35,7.46,4.2,44,64,27,0.06,
272,28-Dec-19,102,99,67,7.24,0,223,240,145,43,7.4,4.6,40,68,25,0.086,
273,29-Dec-19,91,84,57,7.21,0,176,216,103,28,7.39,4.4,43,64,24,0.06,
274,30-Dec-19,100.11,93.08,61.21,7.2,0,217,304,153,43,7.38,4.5,46,80,25,0.056,
275,31-Dec-19,106.95,97.88,61.07,7.24,0,216,186,120,85,7.4,4.2,47,72,28,0.061,
,,,,,,,,,,,,,,,,,
276,01-Jan-20,101.73,97.89,63.89,7.24,0,176,208,115,21,7.39,4.1,46,76,27,0.06,
277,02-Jan-20,79.77,76.38,52.01,7.21,0,210,232,120,35,7.36,4.5,48,80,29,0.06,
278,03-Jan-20,66.23,77.5,49.25,7.21,0,223,240,145,43,7.37,4,40,64,26,0.07,
279,04-Jan-20,86.55,102.97,65.53,7.25,0,177,216,115,21,7.39,4.1,42,80,27,0.08,
280,05-Jan-20,79.92,86.26,55.4,7.21,0,179,232,145,15,7.38,4.2,43,64,25,0.08,
281,06-Jan-20,96.22,95.98,63.16,7.25,0,212,240,140,21,7.39,4.1,46,80,26,0.08,
282,07-Jan-20,98.16,106.26,71.26,7.19,0,346,368,165,33,7.35,4,47,72,28,0.06,
283,08-Jan-20,83.84,108.74,71.34,7.26,0,243,264,140,39,7.38,4.2,44,76,28,0.08,
284,09-Jan-20,74,95,63,7.18,0,293,320,155,27,7.4,4.3,45,72,27,0.07,
285,10-Jan-20,68,78,51,7.19,0,556,528,185,21,7.43,4.1,49,80,25,0.08,
286,11-Jan-20,90,102,49,7.28,0,306,352,128,17,7.42,4.5,48,96,27,0.08,
287,12-Jan-20,91,102,85,7.22,0,199,224,120,12,7.39,4.3,48,80,26,0.08,
288,13-Jan-20,83,93,85,7.28,0,232,216,128,27,7.38,4.2,45,80,28,0.07,
289,14-Jan-20,82,84,76,7.24,0,177,208,115,9.2,7.44,4.4,40,72,24,0.06,
290,15-Jan-20,95,101,95,7.2,0,282,312,165,13,7.44,4.6,46,84,28,0.06,
291,16-Jan-20,132,124,121,7.21,0,263,320,160,14,7.42,4.2,46,72,29,0.07,
292,17-Jan-20,115.5,107,105,7.19,0,211,240,140,33,7.36,4.2,42,76,26,0.06,
293,18-Jan-20,102.99,88.88,82.65,7.23,0,183,232,120,12,7.29,4.6,38,80,27,0.08,
294,19-Jan-20,109.5,102.2,95.5,7.15,0,221,256,150,9.2,7.27,4.8,44,72,28,0.08,
295,20-Jan-20,120.4,111.6,106.9,7.2,0,237,240,145,12,7.31,4.6,41,80,26,0.07,
296,21-Jan-20,125.61,111.21,108.18,7.26,0,182,216,135,11,7.4,4.2,40,76,27,0.08,
297,22-Jan-20,106.33,103.38,99.02,7.24,0,215,248,140,9.3,7.32,4.1,38,72,26,0.08,
298,23-Jan-20,96.03,104.25,99.14,7.23,0,165,192,93,9.1,7.38,4.3,44,64,25,0.07,
299,24-Jan-20,86.18,98.33,91.23,7.23,0,216,249,125,39,7.38,4.5,44,76,28,0.08,
300,25-Jan-20,93.41,95.58,89.04,7.19,0,168,216,145,14,7.29,4.4,40,64,26,0.06,
301,26-Jan-20,98.66,90.7,82.67,7.22,0,207,232,120,11,7.34,4.3,42,76,27,0.08,
302,27-Jan-20,79.77,79.08,69.71,7.2,0,213,240,135,9.3,7.36,4.1,44,64,29,0.09,
303,28-Jan-20,93.99,89.66,85.36,7.21,0,218,240,143,12,7.36,4.1,45,72,25,0.06,
304,29-Jan-20,98.16,99.3,96.9,7.26,0,221,248,165,8.3,7.33,4,41,88,28,0.07,
305,30-Jan-20,98.44,97.58,91.98,7.21,0,217,256,155,10,7.31,4.1,39,76,26,0.06,
306,31-Jan-20,99.07,95.3,88.7,7.21,0,211,240,145,8.3,7.35,4.2,42,76,27,0.07,
,,,,,,,,,,,,,,,,,
307,01-Feb-20,95.01,93.48,87.08,7.29,0,251,280,155,9.3,7.3,4,41,80,28,0.091,
308,02-Feb-20,102.5,97.83,93.83,7.24,0,194,232,120,11,7.44,4.3,36,68,25,0.06,
309,03-Feb-20,104.09,103.69,99.06,7.22,0,207,240,130,9.3,7.38,4.2,42,72,28,0.056,
310,04-Feb-20,103.18,96.19,89.54,7.21,0,199,224,115,11,7.37,4,42,80,26,0.078,
311,05-Feb-20,109.01,100.69,94.58,7.23,0,221,248,125,10,7.4,4.2,45,80,28,0.092,
312,06-Feb-20,101.07,98.49,91.04,7.21,0,209,224,125,9.3,7.39,4.3,42,84,26,0.083,
313,07-Feb-20,96.65,99.06,94.72,7.33,0,203,220,135,9.1,7.42,4.1,46,76,29,0.093,
314,08-Feb-20,63.72,64.54,53.98,7.32,0,227,244,130,9.3,7.45,4.1,48,72,24,0.083,
315,09-Feb-20,65.77,68.86,58.8,7.45,0,223,240,115,12,7.54,4,39,64,26,0.06,
316,10-Feb-20,66.05,74.82,63.99,7.43,0,199,220,120,13,7.56,4,38,76,28,0.061,
317,11-Feb-20,67.36,75.32,64.28,7.38,0,239,240,125,10,7.51,4.1,41,80,24,0.092,
318,12-Feb-20,76.19,80.48,68.38,7.36,0,256,248,135,10,7.49,4,44,88,27,0.078,
319,13-Feb-20,88.96,91.47,82.07,7.41,0,265,240,140,9.1,7.52,4.3,42,72,26,0.082,
320,14-Feb-20,99.7,100,94.58,7.45,0,252,232,115,9.3,7.6,4,43,68,27,0.083,
321,15-Feb-20,89.1,89.32,79.8,7.52,0,260,280,145,11,7.56,4.2,46,76,29,0.068,
322,16-Feb-20,85.6,87.45,75.08,7.43,0,270,288,130,12,7.64,4.1,44,80,28,0.083,
323,17-Feb-20,55.86,54.38,47.91,7.63,0,170,192,90,8.3,7.69,4.2,46,72,26,0.093,
324,18-Feb-20,62.05,47.52,47.54,7.59,0,266,280,135,10,7.64,4.4,49,64,26,0.056,
325,19-Feb-20,78,82.59,69.9,7.57,0,307,344,140,11,7.67,4.1,48,80,26,0.082,
326,20-Feb-20,87.12,88.28,77.26,7.55,0,246,256,123,9.3,7.68,4.5,44,80,28,0.061,
327,21-Feb-20,75.1,75.28,66.98,7.52,0,238,248,125,10,7.63,4.6,47,88,28,0.078,
328,22-Feb-20,70.54,80.08,70.14,7.4,0,263,280,145,9.2,7.67,4.3,40,76,24,0.081,
329,23-Feb-20,79.62,82.18,71.74,7.39,0,343,368,188,12,7.62,4.5,39,80,29,0.083,
330,24-Feb-20,61.79,64.94,57.8,7.48,0,299,320,158,12,7.58,4.6,46,76,27,0.093,
331,25-Feb-20,76.54,77.19,72.6,7.48,0,233,264,145,10,7.5,4.3,40,80,28,0.068,
332,26-Feb-20,64.1,69.97,63.88,7.43,0,301,336,180,11,7.56,4.2,44,88,27,0.083,
333,27-Feb-20,75.64,79.9,73.9,7.41,0,244,272,140,9.2,7.52,4.2,37,72,25,0.092,
334,28-Feb-20,84.31,84.27,79.28,7.44,0,249,264,128,9.1,7.58,4.4,39,84,29,0.08,
335,29-Feb-20,67.24,72.98,66.88,7.47,0,226,240,115,7.8,7.59,4,43,72,25,0.091,
,,,,,,,,,,,,,,,,,
336,01-Mar-20,96.25,99.67,90.86,7.44,0,359,408,185,11,7.64,4.3,42,80,27,0.093,
337,02-Mar-20,95.89,94.7,86.96,7.45,0,443,464,220,14,7.59,4.5,48,88,29,0.09,
338,03-Mar-20,95.1,92.49,83.72,7.21,0,269,280,145,12,7.59,4.2,46,84,26,0.082,
339,04-Mar-20,94.83,98.29,91.65,7.42,0,243,264,140,11,7.58,4,40,96,27,0.068,
340,05-Mar-20,100.12,95.91,90.81,7.42,0,376,400,210,15,7.59,4.4,49,96,28,0.083,
341,06-Mar-20,87.87,80.11,77.13,7.44,0,390,416,200,17,7.68,4.4,45,80,27,0.093,
342,07-Mar-20,96.9,96.18,94.43,7.46,0,244,256,130,12,7.58,4.7,46,84,24,0.082,
343,08-Mar-20,91.49,98.68,90.71,7.49,0,279,296,140,9.1,7.67,4.6,37,73,28,0.081,
344,09-Mar-20,79.69,83.65,77.82,7.47,0,288,288,135,10,7.68,4.6,43,80,25,0.078,
345,10-Mar-20,90.07,89.31,86.17,7.44,0,303,320,160,14,7.62,4.4,48,88,28,0.092,
346,11-Mar-20,84.63,88.75,84.25,7.35,0,239,256,130,8.2,7.47,4.3,43,72,25,0.081,
347,12-Mar-20,92.03,80.74,80.7,7.49,0,223,240,140,10,7.57,4.5,40,80,29,0.068,
348,13-Mar-20,110.78,97.85,95.92,7.53,0,199,232,113,9.2,7.67,4.6,34,76,25,0.093,
349,14-Mar-20,91.85,91.31,88.7,7.33,0,202,224,120,8.3,7.54,4.5,48,72,27,0.081,
350,15-Mar-20,98.79,96.59,92.13,7.38,0,333,360,158,12,7.59,4.4,41,80,26,0.1,
351,16-Mar-20,98.53,72.97,86.32,7.54,0,296,320,150,11,7.66,4.6,49,72,28,0.093,
352,17-Mar-20,107.62,95.04,91.84,7.46,0,330,352,155,13,7.57,4.3,48,88,28,0.082,
353,18-Mar-20,109.5,98.94,96.93,7.45,0,222,240,125,9.3,7.56,4.2,46,80,26,0.078,
354,19-Mar-20,109.96,99.17,95.84,7.42,0,345,360,160,12,7.57,4.3,45,96,29,0.093,
355,20-Mar-20,114.25,96.92,93.64,7.45,0,314,336,140,12,7.58,4.2,42,84,27,0.082,
356,21-Mar-20,118.32,105.25,95.74,7.44,0,206,232,120,10,7.62,4.4,45,72,25,0.068,
357,22-Mar-20,120.97,107.57,104.07,7.43,0,220,240,115,8.2,7.54,4.1,46,72,27,0.081,
358,23-Mar-20,119.37,108.94,102.49,7.48,0,365,125,180,11,7.65,4.3,44,80,29,0.093,
359,24-Mar-20,114.01,105.03,96.69,7.41,0,237,248,125,8.3,7.63,4.2,43,76,25,0.078,
360,25-Mar-20,108.92,99.48,89.87,7.5,0,256,272,130,10,7.62,4.3,48,84,27,0.091,
361,26-Mar-20,104.9,97.51,87.17,7.44,0,320,368,175,12,7.62,4.4,46,80,28,0.082,
362,27-Mar-20,99.22,92.37,84.19,7.37,0,232,248,115,9.2,7.55,4.1,44,72,25,0.068,
363,28-Mar-20,106.54,99.72,88.43,7.47,0,224,240,120,10,7.6,4.2,43,84,28,0.08,
364,29-Mar-20,106.49,97.72,89.52,7.38,0,223,232,125,9.2,7.52,4.5,42,72,25,0.078,
365,30-Mar-20,110,101.96,93.37,7.25,0,208,224,95,11,7.5,4.6,46,80,27,0.091,
366,31-Mar-20,109.65,101.75,93.53,7.49,0,342,376,175,12,7.63,4.4,47,96,28,0.093,
,,,,,,,,,,,,,,,,,
367,01-Apr-20,111.95,102.23,93.55,7.26,0,183,208,110,10,7.48,4.5,40,76,26,0.091,
368,02-Apr-20,115,104,94,7.3,0,240,264,140,11,7.52,4.9,48,84,27,0.083,
369,03-Apr-20,95.75,89.49,75.79,7.38,0,236,256,135,11,7.58,4.4,45,64,28,0.078,
370,04-Apr-20,84.96,81.79,69.06,7.45,0,234,248,125,9.2,7.62,4.7,43,72,26,0.069,
371,05-Apr-20,97.8,94.91,82.66,7.38,0,264,280,145,12,7.6,4.5,41,80,29,0.083,
372,06-Apr-20,110.86,101.75,96.91,7.34,0,218,232,120,10,7.65,4.7,44,72,27,0.078,
373,07-Apr-20,117.33,106.6,98.1,7.37,0,226,240,125,9.2,7.66,4.8,40,64,25,0.068,
374,08-Apr-20,119.75,108.08,99.15,7.35,0,229,248,130,10,7.6,4.4,45,84,28,0.081,
375,09-Apr-20,118.08,108.91,100.99,7.39,0,208,224,115,8.3,7.54,4.3,47,72,26,0.068,
376,10-Apr-20,114.53,103.3,97.01,7.3,0,233,264,130,11,7.58,4.4,45,84,27,0.092,
377,11-Apr-20,118.47,106.76,102.63,7.4,0,263,280,145,10,7.61,4.3,46,76,24,0.083,
378,12-Apr-20,114.57,105.02,99.43,7.41,0,276,288,130,12,7.62,4.1,49,92,26,0.078,
379,13-Apr-20,113.94,105.49,102.16,7.23,0,190,224,115,9.3,7.49,4.4,45,72,25,0.083,
380,14-Apr-20,117.78,104.77,97.93,7.33,0,201,240,135,11,7.5,4.8,40,80,28,0.064,
381,15-Apr-20,112.82,101.87,92.31,7.47,0,202,248,140,10,7.62,4.4,44,64,27,0.092,
382,16-Apr-20,116.71,110.53,102.67,7.43,0,210,236,130,9.2,7.61,4.6,42,72,26,0.078,
383,17-Apr-20,109.35,99.55,92.66,7.44,0,193,224,125,9.1,7.63,4.7,45,76,28,0.064,
384,18-Apr-20,100.5,96.81,88.47,7.46,0,215,240,135,11,7.59,4.5,40,80,25,0.083,
385,19-Apr-20,96.8,91.96,86.19,7.44,0,198,236,123,12,7.59,4.8,46,84,24,0.091,
386,20-Apr-20,99.42,97.18,89.8,7.48,0,217,248,140,13,7.62,4.9,40,64,27,0.093,
387,21-Apr-20,108.71,112.06,98.35,7.4,0,177,224,125,11,7.58,4.7,41,72,25,0.078,
388,22-Apr-20,110.85,98.05,106.12,7.43,0,187,240,128,13,7.61,4.9,42,64,28,0.081,
389,23-Apr-20,89.34,88.08,83.83,7.38,0,215,236,130,11,7.6,4.6,40,80,26,0.092,
390,24-Apr-20,92.82,85.89,83.51,7.41,0,210,232,125,12,7.58,4.8,39,76,28,0.083,
391,25-Apr-20,101.92,95.6,90.39,7.45,0,215,240,135,14,7.61,4.4,44,88,29,0.078,
392,26-Apr-20,107.02,95.54,92.6,7.46,0,220,256,140,12,7.59,4.6,47,72,27,0.064,
393,27-Apr-20,115.9,109.46,102.76,7.42,0,215,236,128,13,7.55,4.4,40,84,25,0.082,
394,28-Apr-20,117.18,107.67,99.94,7.38,0,198,232,123,11,7.55,4.6,39,64,26,0.06,
395,29-Apr-20,125.31,114.5,110.24,7.32,0,240,260,150,14,7.53,5,45,72,24,0.082,
396,30-Apr-20,126.9,113.32,111.9,7.45,0,225,248,135,10,7.56,4.7,41,80,27,0.093,
,,,,,,,,,,,,,,,,,
397,01-May-20,119.93,108.52,107.99,7.34,0,237,256,140,13,7.55,4.4,38,76,28,0.078,
398,02-May-20,103.34,97.08,91.81,7.45,0,187,224,125,11,7.54,4.5,40,84,25,0.082,
399,03-May-20,105.42,97.33,93.56,7.46,0,217,244,130,14,7.56,4.4,42,72,26,0.091,
400,04-May-20,107.98,99.02,96.48,7.52,0,187,240,135,12,7.62,4.9,38,64,27,0.082,
401,05-May-20,100.26,95.73,106.79,7.36,0,210,248,130,14,7.6,5,43,72,24,0.091,
402,06-May-20,90.12,84.76,83.15,7.39,0,199,256,150,15,7.56,4.8,45,80,28,0.078,
403,07-May-20,100.97,94.3,89.99,7.43,0,295,336,158,12,7.55,5.1,40,72,26,0.093,
404,08-May-20,86.68,80.62,74.34,7.31,0,227,240,135,13,7.56,4.7,42,84,28,0.068,
405,09-May-20,93.2,84.44,82.12,7.3,0,230,248,140,14,7.54,5.1,48,96,28,0.083,
406,10-May-20,104.21,90.69,81.59,7.29,0,203,236,125,10,7.53,5.2,43,76,25,0.078,
407,11-May-20,89.72,89.78,80.5,7.35,0,194,228,120,11,7.56,4.6,47,80,26,0.083,
408,12-May-20,109.06,95.29,90.77,7.51,0,319,352,155,14,7.63,5,44,72,28,0.081,
409,13-May-20,112.55,99.9,94.92,7.45,0,225,244,140,12,7.64,4.8,46,72,26,0.091,
410,14-May-20,114.1,104.87,102.24,7.39,0,210,240,143,13,7.65,4.9,45,88,27,0.078,
411,15-May-20,111.03,100.79,95.99,7.32,0,201,236,125,11,7.64,5.1,47,72,26,0.092,
412,16-May-20,114.38,106.54,98.09,7.43,0,231,256,143,14,7.65,5.2,44,72,28,0.068,
413,17-May-20,113.14,103.35,95.03,7.42,0,195,236,130,12,7.63,5.3,48,80,26,0.083,
414,18-May-20,105.18,99.57,91.58,7.41,0,217,244,150,11,7.63,4.8,44,72,27,0.078,
415,19-May-20,107.05,100.89,93.08,7.4,0,226,252,145,14,7.68,4.9,41,64,26,0.083,
416,20-May-20,115.92,103.31,96.46,7.45,0,210,240,130,11,7.66,4.8,41,76,28,0.092,
417,21-May-20,116.8,108.24,102.25,7.34,0,186,224,120,12,7.56,4.5,43,80,24,0.081,
418,22-May-20,113.8,106.28,94.42,7.41,0,207,244,138,11,7.67,4.4,46,72,25,0.078,
419,23-May-20,110.81,109.3,100.58,7.42,0,181,236,125,10,7.66,4.5,42,84,28,0.061,
420,24-May-20,113.39,106.77,98.31,7.45,0,210,248,140,13,7.62,4.3,40,64,27,0.082,
421,25-May-20,106.48,121.25,91.66,7.46,0,220,256,148,14,7.68,4.4,43,72,26,0.064,
422,26-May-20,96.07,93.13,85.74,7.48,0,176,224,140,11,7.7,4.2,39,80,27,0.06,
423,27-May-20,102.97,100.32,90.55,7.46,0,189,240,135,13,7.69,4.3,41,84,25,0.078,
424,28-May-20,101.09,99.64,91.84,7.46,0,182,248,145,14,7.68,4.2,39,76,28,0.09,
425,29-May-20,103.3,97.45,91.13,7.45,0,173,240,140,12,7.71,4.5,41,88,25,0.08,
426,30-May-20,112.13,103.36,94.58,7.48,0,179,252,143,15,7.72,4.7,40,72,28,0.068,
427,31-May-20,101.73,90.71,91.69,7.37,0,214,260,150,14,7.66,4.5,48,80,26,0.091,
,,,,,,,,,,,,,,,,,
428,01-Jun-20,105.93,101.52,92.37,7.39,0,234,260,148,12,7.72,4.6,42,80,29,0.082,
429,02-Jun-20,104.96,98.31,93.98,7.38,0,231,264,155,12,7.68,4.7,45,72,26,0.081,
430,03-Jun-20,106.78,102.65,92.59,7.42,0,183,240,135,10,7.66,4.4,44,84,25,0.078,
431,04-Jun-20,95.87,93.22,85.95,7.39,0,196,248,140,11,7.6,4.3,40,76,27,0.06,
432,05-Jun-20,101.46,97.58,86.55,7.4,0,219,264,150,14,7.63,4.5,44,80,24,0.093,
433,06-Jun-20,104.78,100.88,89.02,7.4,0,191,260,155,11,7.68,4.6,46,96,26,0.078,
434,07-Jun-20,103.25,97.8,86.55,7.36,0,246,272,153,14,7.6,4.6,44,84,25,0.092,
435,08-Jun-20,108.69,100.69,86.13,7.39,0,238,268,150,13,7.63,4.7,40,72,26,0.064,
436,09-Jun-20,105.88,102.56,92.82,7.42,0,211,260,140,12,7.62,4.2,42,76,28,0.081,
437,10-Jun-20,109.82,106.33,98.5,7.36,0,184,248,145,10,7.65,4.4,38,64,26,0.068,
438,11-Jun-20,119.18,108.89,101.88,7.38,0,177,244,140,10,7.66,4.5,40,80,24,0.064,
439,12-Jun-20,123.99,109.25,102.66,7.32,0,214,264,153,14,7.6,4.3,46,72,26,0.091,
440,13-Jun-20,110.11,101.27,97.36,7.29,0,196,272,150,13,7.57,4.4,46,76,29,0.078,
441,14-Jun-20,119,107.66,101.28,7.32,0,183,264,148,12,7.58,4.6,41,84,27,0.068,
442,15-Jun-20,120.54,108,100.2,7.34,0,188,252,140,10,7.57,4.7,45,80,27,0.083,
443,16-Jun-20,115.86,110.66,103.29,7.25,0,179,260,153,11,7.52,4.5,39,64,28,0.064,
444,17-Jun-20,120.37,110.61,103.18,7.27,0,192,272,160,13,7.57,4.4,44,72,25,0.091,
445,18-Jun-20,126.94,113.53,100.71,7.25,0,168,248,145,10,7.6,4.3,38,76,24,0.078,
446,19-Jun-20,120.6,108.15,84.7,7.35,0,198,268,150,12,7.62,4.2,42,84,26,0.081,
447,20-Jun-20,122.39,107.34,101.09,7.32,0,181,272,153,11,7.68,4.4,40,80,28,0.068,
448,21-Jun-20,117.48,106.5,97.96,7.38,0,187,264,145,10,7.58,4.3,47,76,25,0.092,
449,22-Jun-20,119.83,110.53,103.9,7.38,0,182,260,150,9.2,7.62,4.2,43,72,27,0.081,
450,23-Jun-20,122.72,110.43,103.43,7.39,0,194,272,155,12,7.59,4.1,42,64,25,0.078,
451,24-Jun-20,115,106.66,87.42,7.38,0,192,260,148,10,7.62,4.4,46,80,29,0.064,
452,25-Jun-20,119.6,109.25,100.5,7.35,0,179,272,150,14,7.63,4.5,43,76,28,0.082,
453,26-Jun-20,119.29,109.88,101.54,7.32,0,188,240,145,11,7.59,4.6,40,72,27,0.068,
454,27-Jun-20,118.63,104.97,99.3,7.4,0,216,268,153,9.2,7.59,4.3,42,84,24,0.083,
455,28-Jun-20,124.63,117.36,107.8,7.36,0,224,280,160,10,7.62,4.5,47,72,26,0.08,
456,29-Jun-20,121.7,105.55,94.32,7.29,0,237,264,150,12,7.48,4.3,45,76,25,0.084,
457,30-Jun-20,123.06,110.12,97.27,7.26,0,221,260,148,9.2,7.52,4.4,47,80,28,0.06,
,,,,,,,,,,,,,,,,,
458,01-Jul-20,116.12,104.52,94.15,7.32,0,211,272,153,11,7.69,4.3,44,80,27,8200,
459,02-Jul-20,121.21,111.51,98.24,7.28,0,233,280,160,10,7.56,4.2,42,64,28,7800,
460,03-Jul-20,124.79,110.52,100.25,7.34,0,227,276,150,9.1,7.59,4.4,41,76,24,6400,
461,04-Jul-20,146.18,103.11,103.53,7.4,0,216,280,155,9.2,7.61,4.3,39,80,28,6000,
462,05-Jul-20,139.94,98.28,107.11,7.37,0,236,276,148,10,7.65,4.2,45,84,25,6800,
463,06-Jul-20,151.2,110.2,117.29,7.29,0,225,284,155,8.3,7.65,4.2,45,84,26,7800,
464,07-Jul-20,141.53,101.79,109.93,7.32,0,247,288,158,9.3,7.64,4.6,43,28,28,8200,
465,08-Jul-20,144.11,103.86,110.81,7.34,0,269,300,170,11,7.59,4.5,48,64,27,6000,
466,09-Jul-20,136.24,103.18,108.92,7.37,0,234,280,160,9.2,7.63,4.2,46,96,29,8300,
467,10-Jul-20,154.19,107.85,115.28,7.42,0,241,272,148,8.2,7.68,4.4,42,88,26,6400,
468,11-Jul-20,160.33,116.03,122.23,7.35,0,246,280,155,9.2,7.67,4.6,48,72,25,6800,
469,12-Jul-20,155.12,107.09,117.96,7.3,0,257,288,150,9.3,7.6,4.3,40,80,28,7800,
470,13-Jul-20,179.15,127.69,131.09,7.32,0,219,268,148,10,7.59,4.5,44,72,24,8300,
471,14-Jul-20,161.82,112.66,124.67,7.34,0,223,272,145,8.3,7.64,4.2,48,76,26,6000,
472,15-Jul-20,140.87,93.99,111.17,7.4,0,201,272,150,9.1,7.66,4.6,46,80,27,8300,
473,16-Jul-20,144.72,107.76,118.8,7.42,0,233,280,155,10,7.72,4.5,42,64,25,9200,
474,17-Jul-20,144.27,101.69,118.74,7.38,0,196,260,145,9.2,7.73,4.3,44,72,28,6800,
475,18-Jul-20,144.72,101.55,115.43,7.44,0,183,264,148,8.2,7.64,4.5,38,76,27,7800,
476,19-Jul-20,142,99.16,114.72,7.38,0,217,272,140,9.1,7.67,4.2,45,80,24,6000,
477,20-Jul-20,140.23,107.49,120.57,7.37,0,181,280,153,10,7.6,4.7,43,96,26,8300,
478,21-Jul-20,152.44,103.3,115.99,7.42,0,280,324,170,11,7.62,4.1,40,80,28,9800,
479,22-Jul-20,141.48,108.18,121.48,7.36,0,215,260,145,9.2,7.64,4.4,46,84,25,8300,
480,23-Jul-20,146.26,103.83,113.31,7.4,0,221,272,148,9.1,7.62,4.6,39,76,29,6800,
481,24-Jul-20,143.56,99.17,114.3,7.43,0,239,284,155,9.3,7.65,4.5,41,72,26,6000,
482,25-Jul-20,138.3,100.32,113.28,7.49,0,227,180,150,9.1,7.71,4.4,42,80,27,9200,
483,26-Jul-20,149.8,109.17,124.07,7.37,0,214,260,140,8.2,7.68,4.2,46,76,29,6800,
484,27-Jul-20,156.83,111.39,124.28,7.49,0,232,284,148,9.3,7.71,4.3,39,84,25,7800,
485,28-Jul-20,143.15,105.64,116.46,7.4,0,251,292,153,10,7.48,4.7,44,80,28,7000,
486,29-Jul-20,135.47,106.7,117.51,7.37,0,224,256,140,9.1,7.87,4.6,40,72,26,8300,
487,30-Jul-20,134.79,106.56,116.69,7.46,0,283,328,178,9.5,7.76,4.6,43,65,27,6000,
488,31-Jul-20,142.07,101.31,113.01,7.42,0,257,288,153,8.4,7.67,4.5,46,80,25,8000,
,,,,,,,,,,,,,,,,,
489,01-Aug-20,147.65,104.08,117.59,7.41,0,263,296,160,1000000,7.81,4.7,48,72,28,9500,
490,02-Aug-20,144.27,100.78,112.43,7.4,0,260,300,165,950000,7.8,4.4,44,76,27,8300,
491,03-Aug-20,138.62,102.49,112.31,7.41,0,262,292,155,810000,7.87,4.3,46,80,25,6000,
492,04-Aug-20,107.89,75.74,86.99,7.34,0,301,340,183,1000000,7.78,4,47,72,28,9100,
493,05-Aug-20,110.28,77.65,88.63,7.47,0,268,304,168,950000,7.78,4.2,43,84,26,6400,
494,06-Aug-20,126.67,92.1,100.65,7.5,0,212,256,140,920000,7.82,4.4,42,96,26,9500,
495,07-Aug-20,98.8,69.37,76.94,7.51,0,191,248,145,920000,7.76,4.2,40,72,27,6400,
496,08-Aug-20,138.91,101.63,111.4,7.47,0,184,256,150,910000,7.72,4.3,38,76,28,8400,
497,09-Aug-20,132.02,93.79,103.2,7.5,0,226,276,153,950000,7.77,4.2,45,80,24,8600,
498,10-Aug-20,146.9,108.51,116.73,7.47,0,201,260,148,820000,7.73,4.4,40,64,26,6800,
499,11-Aug-20,141.82,106.11,113,7.42,0,274,316,175,930000,7.75,4.1,47,72,29,8300,
500,12-Aug-20,126.15,97.53,105.99,7.49,0,230,256,155,780000,7.78,4.2,48,76,28,9500,
501,13-Aug-20,128.03,89.15,97.75,7.42,0,284,324,185,100000,7.42,4.4,46,80,26,9200,
502,14-Aug-20,81.32,58.24,65.59,7.45,0,224,260,145,820000,7.65,4.5,42,88,27,6400,
503,15-Aug-20,116.63,89.65,96.67,7.46,0,264,304,180,930000,7.73,4.6,46,84,25,7800,
504,16-Aug-20,153.34,109.96,119.29,7.39,0,280,332,180,910000,7.67,4.3,42,80,29,7800,
505,17-Aug-20,148.18,101.25,114.64,7.41,0,226,264,155,930000,7.69,4.2,45,72,27,8100,
506,18-Aug-20,149.26,105.69,113.02,7.45,0,193,260,150,830000,7.67,4.1,40,72,24,6400,
507,19-Aug-20,148.53,104.73,111.92,7.46,0,282,328,195,1000000,7.71,4.4,46,80,26,6800,
508,20-Aug-20,145.75,107.01,114.68,7.46,0,245,280,160,830000,7.7,4.5,39,72,25,6800,
509,21-Aug-20,144.62,110.2,121.32,7.51,0,217,264,150,920000,7.72,4.3,46,76,27,7800,
510,22-Aug-20,130.76,103.82,111.69,7.46,0,258,300,170,910000,7.68,4.6,41,72,28,6400,
511,23-Aug-20,123.67,93.06,103.41,7.45,0,274,328,190,1000000,7.72,4.5,43,80,26,8200,
512,24-Aug-20,117.19,86.39,97.17,7.43,0,248,280,160,820000,7.66,4.6,38,84,25,6400,
513,25-Aug-20,134.65,104.81,109.62,7.4,0,253,288,155,830000,7.73,4.7,45,64,27,6000,
514,26-Aug-20,138.28,102.33,110.33,7.42,0,223,264,150,840000,7.69,4.4,39,72,28,4500,
515,27-Aug-20,137.47,102.85,109.43,7.39,0,263,308,175,920000,7.77,4.4,40,80,24,7800,
516,28-Aug-20,141.1,107.64,113.68,7.41,0,214,288,160,910000,7.67,4.3,46,64,28,6400,
517,29-Aug-20,139.75,102.57,108.4,7.46,0,239,300,170,840000,7.65,4.2,38,84,26,8400,
518,30-Aug-20,137.31,101.98,108.72,7.43,0,225,292,160,830000,7.68,4.5,42,76,28,6000,
519,31-Aug-20,141.11,97.59,107.1,7.43,0,236,308,170,910000,7.7,4.6,37,80,25,6800,
,,,,,,,,,,,,,,,,,
520,01-Sep-20,136.65,102.3,107.84,7.62,0,218,288,160,920000,7.62,4.4,47,72,27,6400,
521,02-Sep-20,137.3,106.23,109.72,7.75,0,254,312,175,930000,7.68,4.2,44,64,29,8200,
522,03-Sep-20,140.53,101.1,106.8,7.62,0,259,320,180,1000000,7.75,4.3,41,72,27,7800,
523,04-Sep-20,136.72,102.8,107.67,7.64,0,265,336,185,830000,7.62,4.5,46,89,26,6800,
524,05-Sep-20,138.1,106.25,110.07,7.65,0,261,344,186,910000,7.64,4.1,43,76,28,8200,
525,06-Sep-20,135.53,103.21,112.14,7.66,0,260,328,175,820000,7.72,4.4,46,64,25,6400,
526,07-Sep-20,91.5,58.95,68.4,7.52,0,251,336,185,780000,7.66,4.3,45,84,27,8200,
527,08-Sep-20,140.22,99.55,107.95,7.69,0,246,352,170,930000,7.65,4.5,47,80,26,6000,
528,09-Sep-20,135.03,102.38,109.79,7.72,0,255,344,176,920000,7.67,4.3,43,72,28,8200,
529,10-Sep-20,136.77,98.97,113.04,7.7,0,284,360,190,910000,7.62,4.4,48,88,25,7800,
530,11-Sep-20,139.79,99.18,113.11,7.69,0,245,328,180,830000,7.71,4.2,47,84,24,6400,
531,12-Sep-20,140.53,98.77,110.72,7.6,0,257,344,185,920000,7.68,4.1,39,72,26,6000,
532,13-Sep-20,143.36,100.36,107.27,7.71,0,282,352,190,100000,7.63,4.3,42,76,27,8200,
533,14-Sep-20,139.79,101.53,108.26,7.52,0,244,336,170,910000,7.65,4.5,40,80,25,7800,
534,15-Sep-20,141.57,99.97,109.7,7.5,0,242,344,175,920000,7.56,4.3,44,64,24,6400,
535,16-Sep-20,140.73,100.3,109.53,7.57,0,253,360,180,1000000,7.78,4.6,38,80,26,6800,
536,17-Sep-20,135.32,105.22,108.34,7.57,0,225,336,170,820000,7.79,4.7,41,64,27,6000,
537,18-Sep-20,142.97,99.44,107.39,7.54,0,219,344,165,780000,7.73,4.5,37,68,27,6400,
538,19-Sep-20,146.12,99.73,107.98,7.48,0,262,352,175,910000,7.65,4.4,40,76,26,8200,
539,20-Sep-20,132.32,105.91,112.44,7.53,0,266,360,185,830000,7.7,4.2,44,80,25,6800,
540,21-Sep-20,122.46,114.48,115.98,7.54,0,218,320,160,910000,7.71,4.3,36,60,27,6800,
541,22-Sep-20,150.17,95.77,103.4,7.54,0,264,344,170,910000,7.75,4.5,42,72,24,6000,
542,23-Sep-20,128.73,108.25,118.77,7.52,0,253,336,165,780000,7.76,4.6,40,69,26,8300,
543,24-Sep-20,147.69,99.21,104.25,7.58,0,260,352,175,910000,7.68,4.5,38,80,25,7800,
544,25-Sep-20,133.73,105.74,110.55,7.55,0,273,384,180,1000000,7.73,4.7,36,72,27,9100,
545,26-Sep-20,126.28,107.23,114.42,7.55,0,229,336,160,820000,7.65,4.6,39,76,25,6400,
546,27-Sep-20,132.84,104.07,114.39,7.53,0,241,344,170,910000,7.69,4.7,44,84,24,4500,
547,28-Sep-20,137.67,103.05,107.55,7.54,0,217,320,155,810000,7.73,4.3,45,80,27,5600,
548,29-Sep-20,135.98,103.91,111.04,7.56,0,221,328,160,810000,7.82,4.6,41,64,24,6800,
549,30-Sep-20,141.12,101.72,105.65,7.57,0,258,360,170,920000,7.75,4.2,47,72,26,8100,
,,,,,,,,,,,,,,,,,
550,01-Oct-20,143.9,101.92,107.9,7.62,0,249,352,165,830000,7.75,4.5,46,80,25,6400,
551,02-Oct-20,144.41,100.2,103.14,7.75,0,223,344,170,910000,7.72,4.5,38,76,27,6800,
552,03-Oct-20,143.19,105.06,108.36,7.62,0,226,336,160,780000,7.76,4.4,41,64,24,6000,
553,04-Oct-20,134.92,102.41,116.64,7.64,0,261,360,175,930000,7.76,4.8,42,72,26,6400,
554,05-Oct-20,128.26,111.79,111.85,7.65,0,259,352,170,830000,7.72,4.4,44,80,28,7800,
555,06-Oct-20,140.42,105.3,109.23,7.66,0,247,344,165,910000,7.75,4.6,46,76,26,5500,
556,07-Oct-20,140.4,105.21,107.76,7.52,0,213,336,170,840000,7.7,4.4,48,64,24,6000,
557,08-Oct-20,140.73,99.77,108.74,7.69,0,249,352,175,910000,7.77,4.7,41,72,27,6400,
558,09-Oct-20,139.51,96.6,110.26,7.72,0,256,360,175,920000,7.82,4.8,45,80,25,7800,
559,10-Oct-20,139.21,105.51,111.91,7.7,0,221,336,160,780000,7.72,4.7,42,76,28,5500,
560,11-Oct-20,136.66,112.23,109.3,7.69,0,254,344,165,830000,7.79,4.6,43,64,26,6000,
561,12-Oct-20,140.63,103.28,105.79,7.6,0,249,360,175,930000,7.73,4.5,40,72,24,6800,
562,13-Oct-20,141.34,101.34,113.79,7.71,0,234,352,170,820000,7.7,4.4,45,84,27,4500,
563,14-Oct-20,142.13,100.92,110.77,7.52,0,238,360,180,910000,7.68,4.5,43,76,25,6000,
564,15-Oct-20,140.06,101.05,110.35,7.5,0,247,368,175,1000000,7.75,4.3,46,80,25,5500,
565,16-Oct-20,142.02,102.66,110.32,7.57,0,238,344,165,830000,7.68,4.7,42,84,26,4000,
566,17-Oct-20,133.34,103.26,116.91,7.57,0,226,352,160,920000,7.7,4.4,43,72,27,6800,
567,18-Oct-20,128.03,111.15,113.87,7.54,0,219,328,155,910000,7.73,4.5,40,64,24,6800,
568,19-Oct-20,148.85,104.39,102.81,7.48,0,229,360,175,1000000,7.7,4.3,38,80,27,6400,
569,20-Oct-20,125.56,109.43,114.9,7.53,0,262,368,180,920000,7.7,4.6,43,76,25,6000,
570,21-Oct-20,125.16,109.8,119.94,7.54,0,236,352,170,1000000,7.72,4.8,42,60,27,7800,
571,22-Oct-20,126.9,105.2,114.55,7.54,0,241,360,175,910000,7.68,4.5,46,72,28,5500,
572,23-Oct-20,134.95,107.34,106.3,7.52,0,239,368,180,820000,7.74,4.3,45,64,26,6800,
573,24-Oct-20,135.23,104.32,108.04,7.58,0,225,352,170,780000,7.74,4.6,45,80,24,6400,
574,25-Oct-20,127.96,107.27,111.63,7.55,0,219,344,175,930000,7.68,4.2,46,76,27,8200,
575,26-Oct-20,114.96,92.81,95.96,7.55,0,246,360,185,1000000,7.75,4.2,45,72,28,5600,
576,27-Oct-20,127.68,95.13,102.07,7.53,0,247,352,165,820000,7.64,4.6,41,64,25,6800,
577,28-Oct-20,107.1,85.49,91.62,7.54,0,214,344,170,780000,7.61,4.4,48,80,27,6000,
578,29-Oct-20,118.15,94.39,96.27,7.56,0,232,360,180,1000000,7.65,4.5,44,84,25,8200,
579,30-Oct-20,129.55,101.28,105.1,7.57,0,228,352,175,930000,7.63,4.6,42,72,24,5500,
580,31-Oct-20,114.47,97.33,100.05,7.58,0,216,344,165,820000,7.64,4.7,38,76,27,7800,
,,,,,,,,,,,,,,,,,
581,01-Nov-20,123.22,96.04,104.27,7.56,0,221,360,170,1000000,7.71,4.6,44,64,26,6100,
582,02-Nov-20,129.55,95.12,101.35,7.57,0,254,368,180,820000,7.72,4.3,47,80,28,6400,
583,03-Nov-20,124.65,99.35,102.85,7.54,0,233,352,170,920000,7.67,4.7,44,84,24,5500,
584,04-Nov-20,123.98,95.69,101.04,7.49,0,219,360,175,1000000,7.66,4.5,40,72,27,8200,
585,05-Nov-20,126.39,96.71,103.8,7.54,0,271,376,180,1000000,7.67,4.7,42,80,26,7800,
586,06-Nov-20,112.46,90.43,97.93,7.59,0,235,352,170,920000,7.65,4.8,44,76,25,6100,
587,07-Nov-20,123.99,96.91,104.1,7.52,0,245,360,175,820000,7.64,4.6,46,64,28,6000,
588,08-Nov-20,128.05,97.76,100.76,7.56,0,252,368,180,1000000,7.69,4.4,45,80,24,8200,
589,09-Nov-20,128.68,80.21,87.48,7.51,0,222,344,165,910000,7.67,4.5,44,72,27,6000,
590,10-Nov-20,125.34,95.88,102.47,7.55,0,236,352,160,830000,7.68,4.6,42,76,25,6800,
591,11-Nov-20,123.23,98.45,100.97,7.48,0,213,344,165,920000,7.7,4.8,41,60,27,7800,
592,12-Nov-20,128.05,96.3,99.67,7.5,0,178,352,170,780000,7.76,4.6,43,72,26,5500,
593,13-Nov-20,122.58,95.3,101.21,7.52,0,215,344,160,1000000,7.67,4.7,47,80,28,8200,
594,14-Nov-20,136.15,105.39,111.57,7.49,0,227,360,175,840000,7.65,4.4,40,72,29,6400,
595,15-Nov-20,126.35,98.11,103.16,7.53,0,187,336,165,810000,7.62,4.3,45,76,25,5600,
596,16-Nov-20,110.84,83.16,91.03,7.49,0,225,352,160,780000,7.69,4.8,42,80,24,6400,
597,17-Nov-20,130.26,104.7,112.03,7.54,0,251,368,180,1000000,7.6,4.5,47,64,26,6800,
598,18-Nov-20,132.75,104.22,110.84,7.42,0,254,376,165,1100000,7.6,4.4,38,60,28,6000,
599,19-Nov-20,134.7,109.33,111.53,7.44,0,234,352,170,930000,7.62,4.8,44,84,29,6100,
600,20-Nov-20,131.27,106.27,109.56,7.53,0,228,360,160,820000,7.7,4.4,46,72,24,5600,
601,21-Nov-20,132.69,106,109.31,7.56,0,227,336,165,780000,7.7,4.9,37,60,27,9100,
602,22-Nov-20,132.72,107.79,110.01,7.54,0,236,360,155,920000,7.71,4.6,45,96,28,6800,
603,23-Nov-20,134.07,107.19,113.89,7.53,0,191,344,165,1000000,7.68,4.7,47,80,23,6400,
604,24-Nov-20,135.5,106.47,112.62,7.54,0,193,352,170,820000,7.69,4.8,42,72,26,6000,
605,25-Nov-20,132.53,108.43,114.67,7.55,0,189,344,160,780000,7.68,4.7,44,76,24,5500,
606,26-Nov-20,139.26,106.5,111.8,7.42,0,225,360,175,920000,7.69,4.6,43,84,28,6800,
607,27-Nov-20,140.27,105.65,113.1,7.55,0,196,328,160,820000,7.7,4.4,46,64,24,6400,
608,28-Nov-20,134.37,108.58,114.64,7.49,0,216,352,175,780000,7.66,4.3,38,60,28,6000,
609,29-Nov-20,140.53,107.23,113.06,7.41,0,214,360,170,810000,7.63,4.8,45,72,24,5600,
610,30-Nov-20,141.19,103.79,110.69,7.53,0,217,368,180,910000,7.67,4.7,47,96,25,6400,
,,,,,,,,,,,,,,,,,
611,01-Dec-20,138.43,101.92,114.56,7.54,0,216,360,170,820000,7.73,4.6,41,80,28,4500,
612,02-Dec-20,136.71,102.55,109.13,7.43,0,228,376,180,920000,7.62,4.7,36,72,26,6000,
613,03-Dec-20,136.35,102.96,107.07,7.46,0,186,352,165,810000,7.6,4.7,45,60,29,6400,
614,04-Dec-20,134.2,101.68,109.16,7.52,0,266,376,175,930000,7.71,4.5,38,64,27,6800,
615,05-Dec-20,126.32,90.45,102.39,7.5,0,225,360,160,780000,7.62,4.4,43,72,23,4000,
616,06-Dec-20,135.48,102.18,108.9,7.46,0,226,368,170,820000,7.67,4.6,39,56,25,5500,
617,07-Dec-20,140.57,105.77,110.36,7.53,0,212,352,155,840000,7.65,4.2,42,68,26,4500,
618,08-Dec-20,142.66,105.02,112.25,7.4,0,217,352,160,680000,7.64,4.3,43,72,24,5600,
619,09-Dec-20,138.45,105.89,112.44,7.45,0,214,344,160,810000,7.6,4.4,44,80,27,4000,
620,10-Dec-20,139.24,100.74,108.51,7.36,0,213,360,175,820000,7.56,4.6,39,64,26,6000,
621,11-Dec-20,132.03,102.5,110.97,7.46,0,189,344,170,910000,7.68,4.7,46,72,27,5500,
622,12-Dec-20,131.09,94.64,100.34,7.41,0,217,368,180,810000,7.62,4.4,38,60,26,4000,
623,13-Dec-20,130.43,105.42,110.49,7.46,0,228,368,185,820000,7.71,4.3,47,80,28,4500,
624,14-Dec-20,140.64,99.92,107.59,7.45,0,232,376,175,820000,7.66,4.3,39,64,27,6400,
625,15-Dec-20,138.75,101.57,108.36,7.32,0,230,336,160,820000,7.61,4.2,43,56,26,6000,
626,16-Dec-20,129.85,95.63,103.13,7.54,0,249,360,160,780000,7.71,4.1,43,72,28,4000,
627,17-Dec-20,136.55,99.91,110.16,7.43,0,216,368,180,840000,7.66,4.3,43,80,25,4500,
628,18-Dec-20,127.53,99.09,105.03,7.45,0,227,328,165,910000,7.62,4.4,40,64,28,6000,
629,19-Dec-20,128.87,89.98,98.21,7.41,0,243,344,170,920000,7.62,4.3,46,72,25,6800,
630,20-Dec-20,123.32,90.49,99.05,7.4,0,233,376,190,780000,7.67,4.4,43,64,27,4000,
631,21-Dec-20,124.05,84.14,91.95,7.41,0,222,336,180,820000,7.6,4.9,45,60,28,4500,
632,22-Dec-20,126.55,89.87,91.04,7.49,0,212,360,175,920000,7.66,4.4,41,64,26,6000,
633,23-Dec-20,127.71,98.77,101.4,7.4,0,228,368,170,840000,7.67,4.4,45,72,25,6400,
634,24-Dec-20,139.56,99.87,106.61,7.46,0,227,336,180,930000,7.62,4.2,43,60,27,8200,
635,25-Dec-20,140.67,99.42,107.87,7.47,0,247,368,165,1000000,7.68,4.6,44,80,26,6100,
636,26-Dec-20,143.79,102.1,111.36,7.42,0,243,352,160,820000,7.65,4.8,47,72,24,6800,
637,27-Dec-20,145.74,104.9,110.96,7.4,0,240,344,170,810000,7.61,4.3,46,76,25,4000,
638,28-Dec-20,139.36,106.92,113.3,7.36,0,214,360,180,780000,7.56,4.8,44,64,28,5500,
639,29-Dec-20,140.55,108.36,116.68,7.4,0,219,376,170,820000,7.65,4.6,46,72,27,4000,
640,30-Dec-20,136.65,103.57,110.09,7.47,0,245,352,165,930000,7.62,4.2,47,84,28,8200,
641,31-Dec-20,133.82,104.68,112.63,7.4,0,235,360,160,820000,7.6,4.4,42,80,29,6800,
,,,,,,,,,,,,,,,,,
642,01-Jan-21,138.62,99.46,108.73,7.38,0,249,344,165,910000,7.58,4.2,44,60,26,6000,
643,02-Jan-21,140.67,98.16,109.44,7.41,0,243,352,170,810000,7.62,43,38,72,27,6400,
644,03-Jan-21,136.76,102.43,106.96,7.42,0,240,360,180,920000,7.65,4.5,40,65,25,6000,
645,04-Jan-21,138.9,100.81,110.71,7.43,0,256,376,175,820000,7.6,4.4,44,72,26,4000,
646,05-Jan-21,137.69,99.87,107.67,7.45,0,230,336,165,840000,7.65,4.2,43,76,28,6400,
647,06-Jan-21,128.7,85.35,96.35,7.44,0,223,352,170,920000,7.61,4.4,46,60,28,6000,
648,07-Jan-21,115.28,88.23,96.67,7.42,0,225,328,160,1000000,7.62,4.1,44,64,23,6100,
649,08-Jan-21,138.46,101.4,108.4,7.43,0,234,352,170,780000,7.63,4.2,45,72,27,6100,
650,09-Jan-21,137.59,100.81,110.34,7.44,0,218,360,175,1100000,7.65,4.3,42,64,24,6400,
651,10-Jan-21,136.22,101.31,109.9,7.47,0,239,336,155,1000000,7.62,4.3,41,76,25,6800,
652,11-Jan-21,145.32,96.7,104.36,7.49,0,216,352,165,1200000,7.63,4.6,47,80,24,8200,
653,12-Jan-21,137.21,100.07,109.8,7.41,0,223,344,160,1100000,7.64,4.4,38,64,26,4500,
654,13-Jan-21,131.52,108.39,108.7,7.32,0,219,360,180,920000,7.63,4.6,39,72,28,8300,
655,14-Jan-21,135.27,96.64,114.68,7.35,0,265,376,175,1200000,7.59,4.6,46,72,28,6400,
656,15-Jan-21,132.86,101.28,110.99,7.35,0,216,352,165,820000,7.54,5,41,76,25,6100,
657,16-Jan-21,136.6,101.77,111.62,7.22,0,210,344,170,920000,7.52,5.1,40,64,23,4000,
658,17-Jan-21,136.76,102.43,106.96,7.28,0,214,352,160,1200000,7.53,4.8,44,68,26,6400,
659,18-Jan-21,137.5,102.68,107.26,7.22,0,210,360,175,1100000,7.36,4.5,45,84,24,3500,
660,19-Jan-21,127.39,107.34,111.65,7.25,0,224,368,170,910000,7.45,4.3,44,72,27,4000,
661,20-Jan-21,130.19,102.24,114.62,7.29,0,187,336,160,1000000,7.51,4.4,46,64,21,6400,
662,21-Jan-21,137.69,99.87,107.67,7.19,0,212,360,165,820000,7.31,4.2,37,60,26,6800,
663,22-Jan-21,129.76,103.82,112.69,7.25,0,257,368,175,1200000,7.55,4.3,42,76,24,5600,
664,23-Jan-21,130.1,106.4,111.8,7.35,0,208,352,160,1100000,7.42,4.4,38,80,27,3500,
665,24-Jan-21,131.57,102.97,112.12,7.22,0,180,320,155,920000,7.47,4.3,40,76,22,4500,
666,25-Jan-21,129.03,107.98,111.91,7.29,0,186,352,165,910000,7.51,4.5,35,60,25,3500,
667,26-Jan-21,135.12,103.86,111.76,7.28,0,212,336,150,780000,7.53,4.1,37,64,28,6000,
668,27-Jan-21,133.3,104.18,110.9,7.25,0,216,344,160,1100000,7.48,4.2,46,56,27,8400,
669,28-Jan-21,137.56,99.32,108.63,7.15,0,187,320,155,1000000,7.41,4.3,47,72,24,9200,
670,29-Jan-21,135.55,102.01,109.38,7.27,0,193,344,170,920000,7.5,4.5,45,76,25,5600,
671,30-Jan-21,137.5,104.29,107.91,7.23,0,268,376,175,1200000,7.5,4.2,48,80,26,7800,
672,31-Jan-21,133.4,109.63,115.53,7.21,0,221,360,165,100000,7.41,4.3,49,88,28,4000,
,,,,,,,,,,,,,,,,,
673,01-Feb-21,137.32,106.41,109.09,7.33,0,216,320,160,780000,7.52,4.6,42,72,25,5600,
674,02-Feb-21,131.85,105.91,110.55,7.25,0,261,336,150,910000,7.48,4.4,44,56,24,7800,
675,03-Feb-21,136.75,101.9,108.51,7.23,0,248,352,165,840000,7.55,4.7,48,64,22,3700,
676,04-Feb-21,138.25,100.18,107.94,7.21,0,264,360,160,780000,7.56,4.3,45,76,25,6000,
677,05-Feb-21,135.9,103.03,106.34,7.33,0,243,344,155,1100000,7.58,4.5,40,80,26,9200,
678,06-Feb-21,137.41,100.56,108.32,7.25,0,199,320,150,1400000,7.57,4.1,41,60,23,8400,
679,07-Feb-21,136.67,102.67,109.42,7.25,0,264,360,155,1200000,7.65,4.4,43,64,27,7800,
680,08-Feb-21,129.05,106.46,111.01,7.15,0,241,352,150,920000,7.52,4.2,41,80,21,6000,
681,09-Feb-21,139.04,101.3,108.79,7.31,0,287,384,165,780000,7.56,4.1,38,84,25,5600,
682,10-Feb-21,127.41,107.27,110.47,7.23,0,271,368,155,1100000,7.59,4.2,45,88,24,5600,
683,11-Feb-21,133.89,100.08,111.34,7.13,0,288,376,150,1000000,7.56,4.5,40,64,22,6800,
684,12-Feb-21,127.29,106.5,112.76,7.15,0,251,320,145,1000000,7.57,4.3,44,72,27,6000,
685,13-Feb-21,132.85,102.67,109.73,7.21,0,275,360,160,1200000,7.48,4.4,47,60,24,8200,
686,14-Feb-21,136.7,101.39,110.89,7.32,0,287,368,155,1400000,7.52,4.6,40,72,21,4000,
687,15-Feb-21,130.76,104.68,111.18,7.32,0,296,352,150,1100000,7.6,4.5,45,80,25,7800,
688,16-Feb-21,127.18,108.72,110,7.22,0,223,320,145,14000000,7.57,4.4,38,64,27,9100,
689,17-Feb-21,134.5,102.18,109.61,7.26,0,246,304,140,1000000,7.52,4.2,45,76,23,5600,
690,18-Feb-21,141.69,95.89,111.13,7.24,0,293,336,150,920000,7.48,4.5,45,64,26,4000,
691,19-Feb-21,132.5,107.65,105.97,7.34,0,217,294,145,1100000,7.46,4.2,37,72,25,6000,
692,20-Feb-21,141.58,99.99,106.1,7.22,0,214,304,155,1400000,7.53,4.4,47,60,27,8300,
693,21-Feb-21,141.98,98.74,106.12,7.28,0,266,336,140,1100000,7.53,4.3,39,68,24,6800,
694,22-Feb-21,137.56,101.57,108.12,7.22,0,203,312,145,830000,7.61,4.5,46,80,28,4000,
695,23-Feb-21,132.95,103.85,109.3,7.21,0,255,344,150,1700000,7.47,4.6,36,64,25,3500,
696,24-Feb-21,141.4,100.5,103.78,7.15,0,209,288,140,1200000,7.58,4.7,38,56,23,6000,
697,25-Feb-21,132.71,104.27,109.76,7.36,0,296,352,145,1000000,7.58,4.5,45,72,24,8200,
698,26-Feb-21,126.3,108.47,110.75,7.27,0,207,296,135,1700000,7.52,4.2,43,64,26,6800,
699,27-Feb-21,122.13,110.77,115.02,7.18,0,275,304,150,1500000,7.41,4.6,42,80,25,4000,
700,28-Feb-21,128.36,106.66,110.86,7.15,0,269,280,140,1400000,7.5,4.4,39,72,24,5600,
,,,,,,,,,,,,,,,,,
701,01-Mar-21,112.46,110.37,113.57,7.35,0,215,248,135,1200000,7.63,4.2,42,60,24,4000,
702,02-Mar-21,130.22,103.64,111.57,7.37,0,237,280,140,1400000,7.55,4.3,40,76,25,6100,
703,03-Mar-21,127.89,106.39,112.09,7.34,0,317,320,150,1700000,7.53,4.6,41,56,27,6800,
704,04-Mar-21,138.7,100.73,107.76,7.19,0,271,296,135,1200000,7.38,4.4,48,80,21,8200,
705,05-Mar-21,126.88,107.65,111.91,7.19,0,310,320,155,1700000,7.58,4.3,38,76,26,9100,
706,06-Mar-21,128.18,106.96,110.39,7.4,0,196,240,135,2400000,7.65,4.2,41,64,23,4000,
707,07-Mar-21,128.61,109.32,109.11,7.42,0,209,248,140,1300000,7.56,4,38,56,25,5600,
708,08-Mar-21,131.79,105.16,112.13,7.31,0,202,256,145,1400000,7.61,4.3,47,80,19,8200,
709,09-Mar-21,128.93,106.24,112.74,7.12,0,243,304,150,2400000,7.52,4.2,40,76,25,6800,
710,10-Mar-21,126.25,104.37,116.21,7.23,0,208,280,135,1700000,7.5,4.5,46,72,26,7800,
711,11-Mar-21,130.12,110.31,106.97,7.38,0,150,248,130,1200000,7.65,4.2,42,60,22,6800,
712,12-Mar-21,126.49,106.64,112.19,7.3,0,234,348,145,1400000,7.61,4.2,46,96,27,8300,
713,13-Mar-21,131.75,106.73,108.98,7.23,0,240,296,140,1300000,7.6,4.3,43,76,25,6000,
714,14-Mar-21,138.34,103.62,106.36,7.31,0,283,328,150,1400000,7.66,4.4,40,64,23,5600,
715,15-Mar-21,135.5,103.96,105.59,7.5,0,224,149,130,830000,7.6,4.5,47,72,26,6000,
716,16-Mar-21,126.99,107.58,110.94,7.31,0,186,280,135,1200000,7.64,4.1,36,56,22,4000,
717,17-Mar-21,135.73,104.74,105.86,7.35,0,309,336,140,1700000,7.65,4.4,45,80,24,6400,
718,18-Mar-21,133.42,105.38,108.27,7.43,0,233,320,135,1400000,7.66,4.2,42,72,25,7800,
719,19-Mar-21,130.85,106.58,110.95,7.42,0,297,344,155,2100000,7.58,4.2,46,64,28,6000,
720,20-Mar-21,132.2,104.96,109.62,7.32,0,319,336,145,1200000,7.57,4.3,42,60,27,5600,
721,21-Mar-21,125.01,110.18,122.15,7.4,0,186,248,130,1000000,7.5,4.4,40,56,23,8200,
722,22-Mar-21,121.71,111.05,112.3,7.32,0,239,256,125,1400000,7.52,4.5,37,72,21,7800,
723,23-Mar-21,129.29,106.63,111.98,7.36,0,280,304,140,1700000,7.44,4.1,47,80,25,4000,
724,24-Mar-21,129.65,103.99,112.97,7.15,0,321,352,145,1200000,7.47,4.2,42,88,27,9200,
725,25-Mar-21,120.38,111.53,113.42,7.2,0,207,240,120,780000,7.6,4.4,46,64,26,4000,
726,26-Mar-21,125.75,106.66,112.7,7.2,0,286,320,140,1200000,7.4,4.2,44,72,22,6000,
727,27-Mar-21,124.06,108.58,113.68,7.16,0,175,224,115,830000,7.63,4.5,38,56,21,6400,
728,28-Mar-21,126.65,107.62,110.98,7.32,0,221,296,135,920000,7.56,4.3,40,60,24,5500,
729,29-Mar-21,123.44,109.92,114.38,7.31,0,174,240,125,1200000,7.45,4.4,47,64,19,6400,
730,30-Mar-21,124.98,106.81,113.8,7.18,0,309,328,150,1300000,7.41,4.1,41,72,25,6800,
731,31-Mar-21,130.48,106.26,110.33,7.29,0,303,320,145,920000,7.54,4.1,39,80,27,8400,
,,,,,,,,,,,,,,,,,
732,01-Apr-21,129.92,106.78,108.54,7.03,0,297,312,140,1100000,7.34,4.3,48,76,25,6800,
733,02-Apr-21,128.1,107.59,110.78,7.18,0,151,240,125,820000,7.44,4.5,36,60,23,5600,
734,03-Apr-21,125.37,108.94,113.03,7.09,0,169,256,135,820000,7.37,4.2,40,72,25,6000,
735,04-Apr-21,125.31,110.72,112.67,7.34,0,221,272,145,1400000,7.41,4.4,45,64,26,4500,
736,05-Apr-21,132.65,105.9,107.93,7.3,0,211,280,140,1700000,7.6,4.3,42,80,26,9100,
737,06-Apr-21,130.76,108.88,107.43,7.03,0,210,256,130,1200000,7.49,4.2,44,64,23,4000,
738,07-Apr-21,125.67,109.41,111.88,7.06,0,186,248,125,1500000,7.46,4.1,34,64,21,6800,
739,08-Apr-21,139.84,103.46,105.39,7.02,0,182,240,130,1300000,7.32,4.3,39,72,24,8200,
740,09-Apr-21,116.5,113.44,117.51,7.03,0,197,240,140,920000,7.31,4.4,36,56,24,5600,
741,10-Apr-21,120.96,111.86,115.76,7.31,0,254,272,145,1400000,7.61,4.3,38,68,26,8200,
742,11-Apr-21,119.81,112.98,114.82,7.22,0,227,296,150,1180000,7.53,4.5,42,76,24,6100,
743,12-Apr-21,114.69,113.73,117.33,7.19,0,201,272,135,1300000,7.38,4.2,40,80,27,6000,
744,13-Apr-21,125.57,109.95,111.7,7.26,0,180,240,130,1100000,7.4,4.2,32,56,21,6400,
745,14-Apr-21,125.3,110.7,113.05,7.18,0,195,256,135,1200000,7.28,4.5,34,64,25,8200,
746,15-Apr-21,112.09,115.05,119.49,7.32,0,219,288,140,1300000,7.52,4.6,42,76,24,6000,
747,16-Apr-21,117.17,113.29,114.91,7.13,0,192,248,130,920000,7.47,4.3,36,56,26,7800,
748,17-Apr-21,120.24,110.78,114.99,7.04,0,208,256,145,1100000,7.32,4.2,45,72,28,6400,
749,18-Apr-21,121.96,109.5,113.99,7.09,0,189,240,135,1000000,7.47,4.3,40,68,26,6100,
750,19-Apr-21,132.27,104.68,109.11,7.25,0,219,264,145,1200000,7.42,4.2,39,60,24,8200,
751,20-Apr-21,125.82,106.3,112.98,7.1,0,169,248,140,920000,7.52,4.6,46,80,27,6000,
752,21-Apr-21,130.51,105.11,110.01,7.15,0,200,256,130,1200000,7.46,4.1,41,64,25,8800,
753,22-Apr-21,126.23,107.48,112.64,7.08,0,310,336,135,1300000,7.23,4.9,44,68,23,7800,
754,23-Apr-21,118.5,110.99,116.08,7.06,0,217,264,145,1100000,7.55,4.3,46,84,25,8200,
755,24-Apr-21,130.32,103.8,113.35,7.04,0,190,240,140,1200000,7.68,4.2,42,64,28,6400,
756,25-Apr-21,125.89,105.75,113.57,7.08,0,202,248,145,1000000,7.52,4.4,40,72,28,6000,
757,26-Apr-21,128.5,104.86,112.87,7.02,0,210,256,150,1400000,7.62,4,42,72,25,8200,
758,27-Apr-21,122.66,110.27,115.27,7.03,0,218,232,140,1500000,7.52,4.5,44,84,26,8800,
759,28-Apr-21,117.88,110.46,117.04,7.05,0,214,240,130,1200000,7.57,4.2,38,60,24,7200,
760,29-Apr-21,124.47,107.37,115.35,7.03,0,190,224,125,1100000,7.63,4.5,41,72,21,7800,
761,30-Apr-21,117.92,114.4,114.06,6.98,0,208,224,130,780000,7.6,4,44,88,26,6400,
,,,,,,,,,,,,,,,,,
762,01-May-21,125.57,109.95,111.7,7.1,0,204,240,150,1000000,7.68,4.5,45,72,24,8200,
763,02-May-21,120.96,111.86,115.76,7.08,0,194,232,125,820000,7.59,4.3,43,80,27,5600,
764,03-May-21,128.7,102.41,116.53,7.46,0,160,224,120,1100000,7.46,4.5,46,76,25,6100,
765,04-May-21,132.65,105.9,107.93,6.93,0,172,264,140,1000000,7.38,4.3,41,64,24,6000,
766,05-May-21,120.09,108.63,119.62,7.19,0,185,256,135,1200000,7.55,4.4,39,60,21,8200,
767,06-May-21,116.5,113.44,117.51,7.19,0,245,296,140,1100000,7.49,4.2,46,84,23,6800,
768,07-May-21,128.53,109.49,108.47,7.08,0,224,264,135,1000000,7.37,4.4,40,72,28,5600,
769,08-May-21,128.55,107.23,112.67,7.18,0,185,248,130,920000,7.45,4.3,38,60,21,7800,
770,09-May-21,113.67,115.21,118.4,7.11,0,179,256,135,1300000,7.48,4.6,45,76,28,8200,
771,10-May-21,121.24,112.86,115.37,7.46,0,216,280,140,1200000,7.46,4.2,39,80,26,6800,
772,11-May-21,123.85,110.49,112.19,7.07,0,240,288,145,1000000,7.46,4.3,44,72,23,6100,
773,12-May-21,131.08,105.27,111.94,7.19,0,230,272,130,1100000,7.55,4.2,47,68,24,6000,
774,13-May-21,126.76,106.69,113.96,7.12,0,247,304,130,1300000,7.4,4.3,45,68,22,7800,
775,14-May-21,121.21,108.63,116.72,7.1,0,239,296,135,1200000,7.49,4.5,46,80,25,4000,
776,15-May-21,121.93,109.61,116.97,7.06,0,231,288,,1000000,7.32,4.4,43,88,,,
777,16-May-21,124.37,110.21,114.78,7.09,0,159,240,,920000,7.42,4.4,42,60,,,
778,17-May-21,114.17,89.56,96.67,7.05,0,183,264,,830000,7.32,4.2,40,64,,,
779,18-May-21,120.9,86.83,95.62,7,0,187,248,,680000,7.31,4.4,44,72,,,
780,19-May-21,101.74,97.19,101.57,6.97,0,201,272,,1000000,7.29,4.5,40,72,,,
781,20-May-21,113.18,92.46,95.9,7.06,0,262,288,,920000,7.32,4.3,4,88,,,
782,01-Jun-21,128.55,105.81,111.51,345.87,7.45,0,207,272,130,930000,7.6,4.6,38,64,24,4000
783,02-Jun-21,132.29,105.86,108.4,346.55,7.48,0,171,280,125,1000000,7.69,4.4,46,72,25,6800
784,03-Jun-21,127.6,110.9,110.26,348.76,7.46,0,204,272,120,780000,7.67,4.5,48,96,26,5600
785,04-Jun-21,123.05,110.52,113.99,347.56,7.41,0,215,296,140,1100000,7.68,4.6,43,80,23,9100
786,05-Jun-21,124.53,110.21,114.78,349.52,7.31,0,185,264,125,1200000,7.65,4.5,38,60,21,4500
787,06-Jun-21,116.7,117.16,113.59,347.45,7.4,0,172,272,130,820000,7.64,4.4,43,68,24,6800
788,07-Jun-21,140.02,103.62,107.99,351.63,7.44,0,226,280,135,920000,7.6,4.5,45,64,25,8200
789,08-Jun-21,135.85,102.2,108.62,346.67,7.5,0,232,304,145,1200000,7.71,4.4,42,72,27,6000
790,09-Jun-21,133.97,105.6,107.78,347.35,7.43,0,191,288,130,1100000,7.65,4.6,40,72,25,4000
791,10-Jun-21,127.85,108.55,111.44,347.84,7.51,0,197,240,120,1000000,7.71,4.4,45,60,21,6800
792,11-Jun-21,117.78,108.37,122.28,348.43,7.44,0,201,264,125,920000,7.69,4.8,49,80,28,8200
793,12-Jun-21,127.43,105.42,113.5,346.35,7.46,0,189,232,130,820000,7.67,4.6,42,64,26,4000
794,13-Jun-21,131.53,109.35,112.02,352.9,7.44,0,250,304,145,910000,7.66,4.4,45,72,23,4500
795,14-Jun-21,129.65,109.73,110.13,349.51,7.43,0,260,312,150,1000000,7.68,4.2,45,80,25,6000
796,15-Jun-21,129.56,106.39,110.38,346.33,7.47,0,245,304,130,930000,7.6,4.6,43,72,21,5600
797,16-Jun-21,119.98,109.13,118.29,347.4,7.34,0,210,288,135,680000,7.62,4.7,44,60,24,6000
798,17-Jun-21,140.64,106.66,101.26,348.56,7.41,0,248,296,140,820000,7.69,4.6,40,72,24,6800
799,18-Jun-21,129.16,113.17,104.23,346.56,7.43,0,173,240,115,780000,7.65,4.3,46,76,23,5600
800,19-Jun-21,130.74,107.39,109.24,347.37,7.4,0,179,232,110,810000,7.62,4.5,37,56,19,6800
801,20-Jun-21,120.67,118.54,112.75,351.96,7.34,0,198,256,120,930000,7.67,4.4,40,72,24,8200
802,21-Jun-21,138.75,105.61,102.51,346.87,7.44,0,173,264,125,1000000,7.65,4.7,36,60,25,4000
803,22-Jun-21,134.35,102.1,110.76,347.21,7.38,0,169,256,130,780000,7.67,4.8,46,76,21,6100
804,23-Jun-21,138.31,100.65,108.31,347.27,7.41,0,161,240,115,680000,7.62,4.4,42,64,24,4500
805,24-Jun-21,126.27,103.13,116.68,346.08,7.46,0,215,256,120,930000,7.63,4.5,46,72,26,6800
806,25-Jun-21,127.6,109.65,114.45,351.7,7.42,0,204,264,130,1100000,7.61,4.2,41,64,24,6000
807,26-Jun-21,125.88,120.2,100.43,346.51,7.43,0,186,240,120,1300000,7.6,4.4,43,60,25,8200
808,27-Jun-21,124.22,113.28,110.44,347.94,7.26,0,153,232,115,780000,7.6,4.3,38,56,21,4000
809,28-Jun-21,128.84,117.07,103.65,349.56,7.41,0,139,216,95,920000,7.59,4.2,36,48,19,5600
810,29-Jun-21,128.84,117.07,103.65,349.56,7.47,0,194,256,125,1000000,7.5,4.1,47,84,26,6400
811,30-Jun-21,130.88,107.02,108.77,346.67,7.39,0,201,264,130,680000,7.64,4.4,40,64,24,4000
812,01-Jul-21,132.22,107.29,114.19,353.7,7.31,0,264,304,140,1200000,7.54,4.6,45,96,27,6000
813,02-Jul-21,134.36,105.23,109.02,348.61,7.46,0,177,256,120,920000,7.63,4.5,43,76,25,6400
814,03-Jul-21,132.2,101.71,113.94,347.85,7.36,0,239,280,115,1100000,7.59,4.3,45,80,27,4000
815,04-Jul-21,123.58,108.3,114.66,346.54,7.44,0,149,240,125,1200000,7.55,4.1,42,76,24,9100
816,05-Jul-21,120.81,116.47,111.84,349.12,7.4,0,172,264,130,1300000,7.61,4.2,44,64,21,6000
817,06-Jul-21,122.44,113.3,110.85,346.59,7.45,0,219,272,140,1400000,7.65,4.4,38,56,25,4500
818,07-Jul-21,120.13,105.61,121.65,347.39,7.48,0,257,296,130,1700000,7.62,4.5,46,80,26,8200
819,08-Jul-21,129.47,103.21,115.86,348.54,7.28,0,235,264,145,1200000,7.53,4.3,45,76,23,6400
820,09-Jul-21,133.69,105.34,112.9,351.93,7.4,0,257,312,145,2000000,7.61,4.4,43,72,25,6800
821,10-Jul-21,125.86,107.59,112.78,346.23,7.37,0,269,320,150,2100000,7.62,4.6,37,60,21,4500
822,11-Jul-21,127.71,105.12,115.51,348.34,7.47,0,153,232,120,1700000,7.57,4.3,39,52,19,6100
823,12-Jul-21,138.58,101.77,109.17,349.52,7.39,0,184,256,125,2400000,7.57,4.2,44,88,23,8200
824,13-Jul-21,133.65,105.12,108.91,347.68,7.43,0,158,248,120,1700000,7.6,4.4,37,60,24,4000
825,14-Jul-21,130.06,102.15,114.5,346.71,7.47,0,168,256,125,2000000,7.56,4.2,38,56,19,5600
826,15-Jul-21,130.79,104.39,116.7,351.88,7.45,0,280,336,145,2100000,7.63,4.3,47,76,25,8200
827,16-Jul-21,122.82,107.56,116.46,346.84,7.43,0,248,312,140,2400000,7.67,4.2,31,56,21,9100
828,17-Jul-21,137.13,102.68,108.21,348.02,7.41,0,144,240,115,1700000,7.66,4.1,34,48,19,5500
829,18-Jul-21,131.49,106.82,108.65,346.96,7.45,0,155,248,120,1400000,7.59,4.2,36,60,23,4000
830,19-Jul-21,127.69,112.71,109.28,349.68,7.42,0,243,304,135,2400000,7.62,4.3,30,60,25,6000
831,20-Jul-21,137.18,107.24,109.34,353.76,7.37,0,171,264,130,2100000,7.59,4.5,42,72,26,7800
832,21-Jul-21,122.15,103.66,120.39,346.2,7.34,0,229,280,135,1700000,7.63,4.4,34,56,20,5500
833,22-Jul-21,137.27,100.54,112.75,350.56,7.29,0,235,288,140,2000000,7.57,4.3,45,88,27,6000
834,23-Jul-21,135.06,101.45,109.84,346.35,7.4,0,165,256,130,1400000,7.52,4.2,38,60,21,8200
835,24-Jul-21,125.79,107.55,114.97,348.31,7.3,0,187,264,135,1700000,7.53,4.3,46,96,26,4000
836,25-Jul-21,136.65,96.21,118.63,351.49,7.37,0,145,256,125,1500000,7.55,4.2,42,72,24,7800
837,26-Jul-21,123.62,108.99,114.22,346.83,7.42,0,251,264,130,2100000,7.62,4.4,42,80,25,6400
838,27-Jul-21,126.18,111.54,115.65,353.37,7.4,0,153,256,125,1400000,7.61,4.5,44,88,27,6800
839,28-Jul-21,125.03,103.51,117.67,346.21,7.43,0,252,296,140,2400000,7.65,4.7,36,64,24,5500
840,29-Jul-21,113.65,108.97,125.02,347.64,7.32,0,169,264,130,1700000,7.55,4.5,41,72,22,8200
841,30-Jul-21,118.63,111.93,117.67,348.23,7.4,0,152,256,125,1300000,7.58,4.4,42,64,21,4000
842,31-Jul-21,118.94,114.57,112.22,345.73,7.43,0,179,272,135,2100000,7.67,4.3,45,76,25,9100
843,01-Aug-21,122.89,108.39,117.25,348.53,7.42,0,210,296,135,20,7.63,4.4,38,60,21,5600
844,02-Aug-21,120.61,107.67,119.09,347.37,7.41,0,276,320,145,24,7.56,4.2,36,56,19,6400
845,03-Aug-21,120.36,108.38,120.04,348.78,7.38,0,263,312,140,21,7.62,4.7,47,80,24,8200
846,04-Aug-21,125.65,101.25,119.17,346.07,7.31,0,185,240,120,12,7.5,5,39,64,23,6800
847,05-Aug-21,123.69,113.46,116.5,353.65,7.29,0,208,224,115,14,7.54,5.5,35,64,21,6000
848,06-Aug-21,121.29,110.94,120.44,352.67,7.43,0,247,288,135,21,7.63,5.8,37,60,19,8200
849,07-Aug-21,129.98,103.63,115.98,349.59,7.21,0,262,296,140,24,7.61,5.1,38,56,24,9300
850,08-Aug-21,120.15,109.1,122.27,351.52,7.31,0,222,272,130,17,7.52,5.2,37,60,26,6800
851,09-Aug-21,130.04,106.32,117.3,353.66,7.38,0,163,256,120,13,7.62,4.8,39,52,19,5500
852,10-Aug-21,131.45,106.91,112.24,350.6,7.26,0,259,288,135,20,7.66,5.1,45,80,26,7800
853,11-Aug-21,120.05,108.31,118.04,346.4,7.26,0,255,280,130,21,7.56,5.3,46,72,24,4500
854,12-Aug-21,123.01,123.83,100.64,347.48,7.16,0,236,264,125,14,7.44,4.5,37,56,21,6800
855,13-Aug-21,134.52,114.62,100.13,349.27,7.28,0,265,296,140,24,7.66,4.4,40,76,25,6000
856,14-Aug-21,131.88,105.06,116.06,353,7.37,0,276,304,145,21,7.55,4.3,42,72,24,7800
857,15-Aug-21,132.8,107.36,110.13,350.29,7.29,0,221,256,115,17,7.58,4.5,39,56,19,8200
858,16-Aug-21,131.25,102.12,112.76,346.13,7.28,0,261,288,140,20,7.55,4.6,43,64,21,5600
859,17-Aug-21,129.14,109.89,108.03,347.06,7.26,0,264,304,145,22,7.58,4.4,44,76,25,4500
860,18-Aug-21,144.01,115.12,87.24,346.37,7.29,0,236,296,135,21,7.48,4.6,41,72,24,6000
861,19-Aug-21,136.23,117.36,95.79,349.38,7.31,0,273,30,140,24,7.54,4.5,48,88,26,9100
862,20-Aug-21,136.01,127.54,89.95,353.5,7.37,0,237,288,130,24,7.61,4.7,43,68,19,9200
863,21-Aug-21,133.94,117.05,95.46,346.45,7.34,0,268,296,135,21,7.53,4.6,42,60,25,5600
864,22-Aug-21,123.75,110.96,112.63,347.34,7.36,0,276,304,145,22,7.5,4.5,46,84,27,6800
865,23-Aug-21,129.8,108.94,112.34,351.08,7.35,0,285,312,450,25,7.63,4.8,43,68,24,8100
866,24-Aug-21,127.24,112.97,108.16,348.37,7.4,0,215,272,120,17,7.53,4.7,43,72,25,6000
867,25-Aug-21,126.13,108.86,116.01,351,7.29,0,278,312,160,24,7.6,4.2,39,64,25,8300
868,26-Aug-21,129.52,106.51,110.62,346.65,7.21,0,284,308,150,21,7.53,4.4,48,88,27,5500
869,27-Aug-21,132.06,113.97,103.76,349.79,7.43,0,248,296,145,24,7.64,4.6,44,72,26,6800
870,28-Aug-21,126.87,118.79,106.11,351.77,7.3,0,199,248,120,14,7.56,4.3,37,56,21,8100
871,29-Aug-21,129.47,117.21,100.14,346.82,7.25,0,207,272,125,17,7.5,4.2,38,64,23,6800
872,30-Aug-21,127.69,115.87,103.67,347.23,7.28,0,202,264,120,15,7.6,4.6,40,60,19,8400
873,31-Aug-21,133.2,106.95,110.75,350.9,7.26,0,196,256,115,14,7.54,4.4,46,80,22,4500
874,01-Sep-21,124.21,111.81,111.57,347.59,7.29,0,231,280,130,21,7.55,4.7,37,56,24,6400
875,02-Sep-21,125.45,112.27,109.75,347.47,7.26,0,237,280,125,14,7.65,4.8,36,52,20,4500
876,03-Sep-21,126.58,111.56,108.02,346.16,7.19,0,249,288,130,17,7.5,4.4,41,64,23,6800
877,04-Sep-21,123.62,116.57,108.17,348.36,7.25,0,202,240,115,21,7.56,4.3,36,52,19,5500
878,05-Sep-21,130.32,112.54,104.53,347.39,7.38,0,203,248,120,13,7.67,4.4,38,48,21,4000
879,06-Sep-21,119.87,116.93,116.82,353.62,7.39,0,200,240,110,12,7.46,4.2,40,72,24,7800
880,07-Sep-21,127.23,112.02,112.18,351.43,7.35,0,217,256,120,17,7.59,4.6,39,64,25,6400
881,08-Sep-21,128.3,110.94,113.17,352.41,7.43,0,203,232,115,21,7.61,4.5,42,60,23,8200
882,09-Sep-21,122.55,113.68,113.11,349.34,7.32,0,234,256,120,20,7.57,4.4,34,48,19,5600
883,10-Sep-21,128.42,112.87,112.91,354.2,7.33,0,236,264,130,24,7.64,4.7,30,52,21,7800
884,11-Sep-21,129.49,107.22,109.33,346.04,7.31,0,193,232,110,21,7.65,4.4,28,48,18,6000
885,12-Sep-21,120.65,113.16,114.92,348.73,7.39,0,203,240,120,24,7.59,4.6,30,52,21,6800
886,13-Sep-21,118.53,111.71,116,346.24,7.34,0,225,240,110,12,7.55,4.2,38,64,21,8200
887,14-Sep-21,124.98,110.59,114.38,349.95,7.42,0,216,248,125,13,7.61,4.3,35,60,23,5500
888,15-Sep-21,123.68,109.61,113.42,346.71,7.43,0,177,224,105,10,7.6,4.1,30,48,19,6400
889,16-Sep-21,128.97,110.58,112.53,352.08,7.33,0,215,256,115,17,7.51,4.4,34,52,23,6000
890,17-Sep-21,120.36,114.97,116.21,351.54,7.38,0,192,232,105,10,7.62,4.5,37,48,21,4500
891,18-Sep-21,125.88,110.56,112.12,348.56,7.22,0,146,192,100,15,7.62,4.6,32,40,19,8200
892,19-Sep-21,122.66,110.88,113.03,346.57,7.46,0,165,240,110,21,7.53,4.2,34,48,20,6800
893,20-Sep-21,123.18,109.45,115.02,347.65,7.36,0,172,224,105,24,7.63,4.4,36,52,23,9100
894,21-Sep-21,121.03,114.44,115.7,351.17,7.27,0,152,216,100,20,7.55,4.2,31,48,20,5500
895,22-Sep-21,120.92,112.26,115.02,348.2,7.36,0,157,224,110,24,7.57,4.3,41,56,24,8400
896,23-Sep-21,126.05,108.77,112.12,346.94,7.38,0,206,240,115,15,7.6,4,30,56,25,6800
897,24-Sep-21,127.24,113.01,109.37,349.62,7.39,0,172,232,110,21,7.61,4.2,39,52,22,6000
898,25-Sep-21,121.22,112.3,113.02,346.54,7.26,0,218,244,115,26,7.5,4.4,36,44,19,8100
899,26-Sep-21,125.96,114.45,105.65,346.06,7.38,0,193,256,120,24,7.57,4,34,60,24,5500
900,27-Sep-21,125.33,116.45,106.38,348.16,7.38,0,185,264,125,26,7.5,4.2,35,52,21,6400
901,28-Sep-21,132.64,114.03,104.87,351.54,7.47,0,167,244,115,17,7.58,4.4,33,60,23,4500
902,29-Sep-21,127.03,117.19,102.01,346.23,7.44,0,211,280,125,24,7.6,4.1,35,64,22,7800
903,30-Sep-21,144.33,119.74,83.59,347.66,7.4,0,212,272,120,21,7.62,4.2,40,72,24,5500
904,01-Oct-21,142.26,118.06,91.1,351.42,7.45,0,156,248,115,15,7.6,4.4,44,72,25,6400
905,02-Oct-21,136.32,110.76,106.6,353.68,7.39,0,177,240,110,17,7.58,4,42,60,23,8200
906,03-Oct-21,126.53,108.93,114,349.46,7.34,0,215,264,125,24,7.54,4.4,36,60,21,6000
907,04-Oct-21,127.11,109.56,113.97,350.64,7.35,0,263,288,130,26,7.52,4.1,46,72,25,9100
908,05-Oct-21,116.23,110.47,101.91,328.61,7.43,0,188,264,125,22,7.53,4.2,44,60,24,7800
909,06-Oct-21,75.05,51.16,64.44,190.65,7.42,0,158,232,110,17,7.52,4,37,52,19,5500
910,07-Oct-21,64.73,68.2,60.57,193.5,7.31,0,149,240,115,15,7.6,4.3,36,56,21,6000
911,08-Oct-21,62.09,54.28,64.39,180.76,7.45,0,209,264,120,21,7.55,4.3,34,48,23,5500
912,09-Oct-21,58.67,59.76,57.75,176.18,7.41,0,170,244,105,17,7.6,4.3,33,44,19,6000
913,10-Oct-21,70.68,51.56,58.09,180.33,7.42,0,189,264,115,20,7.57,4.3,36,52,21,7800
914,11-Oct-21,66.31,54.29,58.7,179.3,7.34,0,213,280,120,24,7.62,4.3,34,48,22,8200
915,12-Oct-21,75.82,47.67,59.24,182.73,7.43,0,173,248,110,15,7.64,4.3,38,60,24,5600
916,13-Oct-21,64.28,51.11,59.01,174.4,7.36,0,197,272,115,21,7.62,4.5,39,56,21,6800
917,14-Oct-21,68.79,50.19,57.63,176.61,7.39,0,219,280,125,24,7.65,4.6,37,52,19,9100
918,15-Oct-21,58.52,56.86,62.78,178.16,7.29,0,156,240,115,17,7.67,4.2,36,52,23,6100
919,16-Oct-21,75.09,56.87,49.78,181.74,7.39,0,174,232,110,15,7.64,4.4,34,44,24,5500
920,17-Oct-21,58.7,50.06,69.13,177.89,7.34,0,180,244,105,21,7.66,4.2,35,52,22,8100
921,18-Oct-21,77.11,56.85,60.51,194.47,7.32,0,268,256,115,17,7.65,4.3,42,64,24,8300
922,19-Oct-21,66.93,52.07,57.66,176.66,7.35,0,230,272,120,21,7.64,4.2,40,48,21,4000
923,20-Oct-21,134.15,102.96,109.29,346.4,7.28,0,163,248,110,22,7.67,4.4,34,44,19,6100
924,21-Oct-21,125.29,105.47,118.14,348.9,7.37,0,249,280,125,25,7.64,4.3,41,60,25,6800
925,22-Oct-21,121.89,115.01,113.18,350.08,7.36,0,162,256,110,21,7.6,4.4,39,52,23,8200
926,23-Oct-21,122.16,116.09,107.19,345.44,7.37,0,154,248,115,17,7.68,4.5,36,48,21,7800
927,24-Oct-21,118.9,110.73,118.28,347.91,7.33,0,265,296,130,27,7.54,4.2,46,68,24,5600
928,25-Oct-21,134.73,109.51,102.24,346.48,7.36,0,176,240,110,25,7.62,4.3,42,60,23,6400
929,26-Oct-21,119.53,111.71,116,347.24,7.44,0,171,248,115,15,7.65,4.6,38,56,22,8300
930,27-Oct-21,129.52,106.51,110.62,346.65,7.27,0,181,240,105,14,7.58,4.3,43,60,19,7800
931,28-Oct-21,137.59,110.29,102.84,350.72,7.31,0,234,288,125,24,7.63,4.2,45,68,24,8200
932,29-Oct-21,133.51,102.56,111.39,347.46,7.38,0,175,256,110,17,7.6,4.5,40,60,23,6000
933,30-Oct-21,130.35,102.13,113.74,346.22,7.45,0,188,264,115,21,7.65,4.3,42,64,26,5600
934,31-Oct-21,125.53,106.83,116.71,349.07,7.43,0,254,280,125,24,7.67,4.7,41,68,21,9200
935,01-Nov-21,133.54,99.36,113.31,346.21,7.39,0,261,296,130,26,7.62,4.5,44,72,25,6400
936,02-Nov-21,136.4,98.64,111.32,346.36,7.4,0,179,248,110,21,7.6,4.3,46,80,24,6800
937,03-Nov-21,125.25,110.27,112.61,348.13,7.41,0,235,272,125,26,7.62,4.4,41,72,23,7800
938,04-Nov-21,123.65,108.45,115.38,347.48,7.42,0,226,280,130,24,7.59,4.2,43,72,26,5500
939,05-Nov-21,128.2,103.57,119.5,351.27,7.43,0,144,240,110,17,7.57,4.3,42,68,24,6400
940,06-Nov-21,125.15,113.54,107.78,346.47,7.41,0,247,288,125,26,7.58,4.2,40,76,23,8100
941,07-Nov-21,116.32,115.78,118.32,350.42,7.35,0,181,264,120,21,7.58,4.4,41,72,25,6800
942,08-Nov-21,126.29,104.4,117.48,348.17,7.4,0,176,248,115,15,7.61,4.2,43,76,21,6000
943,09-Nov-21,126.71,108.88,114.02,349.61,7.24,0,158,240,110,14,7.6,4.3,39,64,23,4500
944,10-Nov-21,128.2,103.98,115.27,347.45,7.39,0,162,232,110,21,7.62,4.5,39,48,24,8200
945,11-Nov-21,115.6,110.73,120,346.33,7.34,0,251,296,135,26,7.66,4.4,44,84,25,6400
946,12-Nov-21,126.86,103.24,118.44,348.54,7.4,0,167,240,115,17,7.56,4.2,40,72,27,7800
947,13-Nov-21,129.47,105.45,112.98,347.9,7.31,0,159,248,120,24,7.49,4.4,46,76,26,6000
948,14-Nov-21,130.66,108.66,107.3,346.62,7.35,0,190,264,125,21,7.51,4.6,40,64,27,4000
949,15-Nov-21,136.02,107.27,108.21,351.5,7.36,0,225,180,130,17,7.6,4.5,44,64,22,6400
950,16-Nov-21,136.02,107.27,108.21,351.5,7.39,0,174,272,125,26,7.5,4.6,38,60,24,7800
951,17-Nov-21,130.87,108.88,108.66,348.41,7.35,0,159,240,110,15,7.5,4.5,45,72,25,5600
952,18-Nov-21,127.43,104.76,114.6,346.79,7.32,0,217,296,135,27,7.61,4.2,43,88,27,8200
953,19-Nov-21,132.19,103.13,113.31,348.63,7.36,0,179,272,130,26,7.6,4.3,42,80,25,6800
954,20-Nov-21,125.44,111.15,115.16,351.75,7.31,0,175,288,140,31,7.52,4.4,40,84,26,4500
955,21-Nov-21,132.78,106.9,107.9,347.58,7.28,0,186,280,135,26,7.58,4.3,47,80,24,8400
956,22-Nov-21,121.84,109.79,117.75,349.38,7.38,0,167,288,130,25,7.59,4.2,40,64,23,9200
957,23-Nov-21,123.96,110.15,116.74,350.85,7.35,0,176,280,135,24,7.46,4.4,38,72,25,6800
958,24-Nov-21,129.19,101.78,115.65,346.62,7.4,0,222,312,140,32,7.55,4.5,43,80,21,4000
959,25-Nov-21,129.19,101.78,115.65,346.62,7.41,0,217,320,145,31,7.58,4.3,42,76,24,4500
960,26-Nov-21,129.19,101.78,115.65,346.62,7.43,0,190,264,130,21,7.54,4.2,45,80,27,6800
961,27-Nov-21,135.34,100.78,111.89,348.01,7.4,0,162,248,110,15,7.6,4.2,39,72,23,6000
962,28-Nov-21,124.72,111.35,110.77,346.84,7.42,0,215,296,135,26,7.63,4.2,43,64,25,8200
963,29-Nov-21,140.76,96.81,110.31,347.88,7.39,0,146,240,110,20,7.57,4.1,38,56,22,4500
964,30-Nov-21,129.86,112.09,105.18,347.13,7.28,0,157,264,120,17,7.5,4.2,44,72,25,6000
965,01-Dec-21,119.04,114.23,117.31,350.58,7.32,0,168,256,110,14,7.62,4,40,64,19,5500
966,02-Dec-21,115.62,113.78,121.17,350.57,7.38,0,214,288,130,25,7.58,4.1,39,80,26,5600
967,03-Dec-21,109.66,113.28,124.35,347.29,7.3,0,203,180,125,24,7.54,4.3,41,84,27,8200
968,04-Dec-21,111.93,111.1,125.23,348.26,7.35,0,168,272,120,17,7.6,4.5,43,76,24,7800
969,05-Dec-21,111.06,111.32,127.3,349.68,7.32,0,187,288,130,27,7.58,4.6,42,68,21,4000
970,06-Dec-21,112.53,110.75,124.34,347.62,7.26,0,166,248,110,17,7.53,4.4,46,80,25,9100
971,07-Dec-21,110.94,110.02,129.62,350.58,7.31,0,183,264,120,21,7.57,4.3,45,72,22,8200
972,08-Dec-21,110.97,112.77,127.29,351.03,7.33,0,169,256,125,20,7.5,4.4,41,64,24,6800
973,09-Dec-21,107.26,110.65,129.7,347.61,7.29,0,154,224,110,14,7.53,4.6,47,80,21,8400
974,10-Dec-21,129.11,102.41,117.96,349.48,7.31,0,196,272,120,20,7.55,4.4,42,72,26,6800
975,11-Dec-21,122.64,105.67,120.57,348.88,7.25,0,192,280,135,24,7.52,4.2,41,72,27,9200
976,12-Dec-21,135.21,115.62,95.71,346.54,7.29,0,209,288,130,25,7.54,4.3,40,64,24,6000
977,13-Dec-21,137.58,100.84,108.96,347.38,7.3,0,183,272,125,21,7.54,4.4,39,72,22,7800
978,14-Dec-21,150.02,105.6,91.3,346.92,7.34,0,166,248,120,15,7.58,4.5,38,60,21,5500
979,15-Dec-21,119,123.08,105.21,347.29,7.35,0,155,156,125,17,7.57,4.2,41,64,25,6100
980,16-Dec-21,130.68,112,106.5,349.18,7.27,0,204,240,125,14,7.34,4.4,45,52,19,8200
981,17-Dec-21,126.13,116.39,104.67,347.19,7.16,0,232,158,110,13,7.39,4.5,39,56,23,4500
982,18-Dec-21,117.13,126.1,105.05,348.28,7.19,0,280,166,135,26,7.58,4.4,38,68,26,7800
983,19-Dec-21,104.05,139.77,103.9,347.72,7.15,0,272,181,125,21,7.48,4.6,42,72,22,6000
984,20-Dec-21,119.29,117.21,113.85,350.35,7.28,0,171,256,115,17,7.52,4.5,40,64,24,6800
985,21-Dec-21,115.03,118.91,116.45,350.39,7.17,0,164,264,120,24,7.49,4.4,41,56,26,8200
986,22-Dec-21,108.48,124.29,115.85,348.62,7.19,0,201,296,135,27,7.49,4.6,44,72,25,6000
987,23-Dec-21,125.2,122.14,99.75,347.09,7.31,0,216,304,140,24,7.51,4.7,42,80,27,6800
988,24-Dec-21,114.65,128.08,104.79,347.52,7.26,0,181,264,125,21,7.41,4.6,47,72,24,6000
989,25-Dec-21,115.94,118.86,115.99,350.79,7.3,0,206,288,130,25,7.54,4.5,42,64,25,8100
990,26-Dec-21,116.05,125.56,106.08,347.69,7.32,0,186,256,120,17,7.49,4.3,43,80,27,8200
991,27-Dec-21,115.3,120.05,113.96,349.31,7.24,0,204,288,135,26,7.5,4.6,46,60,23,5600
992,28-Dec-21,113.12,115,118.45,346.57,7.2,0,202,280,125,21,7.45,4.3,47,76,26,9100
993,29-Dec-21,116.35,109.23,122.73,348.31,7.21,0,231,296,140,26,7.41,4.6,44,64,22,6200
994,30-Dec-21,111.59,102.46,114.15,328.2,7.18,0,176,256,115,21,7.46,4.4,39,56,21,5600
995,31-Dec-21,114.91,109.45,123.13,347.49,7.2,0,223,280,130,25,7.47,4.5,42,72,24,6400
996,01-Jan-22,108.83,110.72,129.19,348.74,7.29,0,212,288,130,25.7,7.45,4.6,45,76,26,6000
997,02-Jan-22,104.22,110.23,131.78,346.23,7.22,0,170,264,125,17.6,7.5,4.5,46,76,23,8200
998,03-Jan-22,107.26,114.45,125.65,347.36,7.29,0,177,256,115,17.4,7.5,4.3,45,76,25,5500
999,04-Jan-22,101.38,115.99,128.89,346.26,7.26,0,212,288,140,25.6,7.54,4.4,42,64,24,3600
1000,05-Jan-22,109.65,110.57,126.48,346.7,7.3,0,196,280,130,22.7,7.48,4.5,46,72,27,6000
1001,06-Jan-22,109.12,111.64,125.88,346.64,7.33,0,203,272,135,20.3,7.5,5,46,80,28,6700
1002,07-Jan-22,109.22,110.51,127.39,347.12,7.21,0,222,280,140,25.6,7.41,4.6,39,60,25,6100
1003,08-Jan-22,108.9,114.78,124.69,348.37,7.2,0,198,264,130,16.7,7.4,4.5,45,72,23,8100
1004,09-Jan-22,98.27,118.17,130.17,346.61,7.24,0,201,272,125,23.7,7.43,4.4,42,64,21,5500
1005,10-Jan-22,108.08,114.36,125.3,347.74,7.19,0,196,296,135,26.6,7.53,4.8,41,80,26,9000
1006,11-Jan-22,104.82,110.88,131.05,346.75,7.26,0,243,288,130,30.5,7.47,4.4,43,76,27,8100
1007,12-Jan-22,104.54,112.49,131.84,348.87,7.21,0,226,280,135,21.1,7.45,4.2,40,64,24,6100
1008,13-Jan-22,100.39,88.9,111.95,301.24,7.27,0,223,296,140,26.6,7.37,4.2,37,76,21,3600
1009,14-Jan-22,106.19,110.88,130.51,347.58,7.25,0,213,288,145,23.7,7.42,4.4,42,72,26,5500
1010,15-Jan-22,105.4,112.61,130.48,348.49,7.35,0,252,312,150,29.4,7.56,4.4,41,80,28,5500
1011,16-Jan-22,98.42,114.33,133.3,346.05,7.36,0,215,272,130,20.6,7.57,4.5,46,76,25,4500
1012,17-Jan-22,108.67,110.38,128.43,347.48,7.28,0,262,304,140,24.8,7.54,4.4,45,72,23,4000
1013,18-Jan-22,100.28,115.68,134.38,350.34,7.19,0,196,256,125,19.8,7.38,4.2,47,88,26,5500
1014,19-Jan-22,99.34,117.07,135.51,351.92,7.26,0,205,280,130,19.8,7.5,4.4,48,84,27,6800
1015,20-Jan-22,98.43,109.06,141.14,348.63,7.28,0,304,226,145,26.6,7.52,4.6,44,76,25,4000
1016,21-Jan-22,97.13,119.57,131.01,347.71,7.34,0,257,257,135,30.4,7.44,4.6,39,80,26,6000
1017,22-Jan-22,100.03,117.31,133.85,351.19,7.15,0,221,288,140,19.4,7.47,4.5,43,72,25,3800
1018,23-Jan-22,99.78,112.18,134.39,346.35,7.24,0,212,272,125,20.6,7.54,4.4,45,64,21,3600
1019,24-Jan-22,105.53,109.13,133.51,348.17,7.29,0,231,296,130,21.2,7.55,4.9,44,84,26,6000
1020,25-Jan-22,103.27,109.82,132.33,345.42,7.22,0,226,304,140,24.1,7.46,4.7,38,80,28,6800
1021,26-Jan-22,101.04,111.46,134.93,347.43,7.26,0,219,288,130,18.9,7.51,4.6,43,72,25,6000
1022,27-Jan-22,103.42,111.95,133.85,349.22,7.24,0,227,296,135,30.4,7.42,4.7,41,76,27,3900
1023,28-Jan-22,104.52,109.33,132.72,346.57,7.27,0,194,264,125,24.8,7.5,4.5,40,72,24,5600
1024,29-Jan-22,101.21,114.6,131.93,347.74,7.22,0,264,312,135,33.2,7.43,4.6,38,88,22,6800
1025,30-Jan-22,106.57,108.9,130.63,346.1,7.21,0,251,296,130,35.7,7.44,4.6,46,80,26,6100
1026,31-Jan-22,102.59,115.31,130.53,348.43,7.26,0,240,312,145,34.5,7.57,4.4,44,88,25,6800
1027,01-Feb-22,127.55,110.98,113.1,351.63,7.36,0,217,288,130,20.6,7.55,4.3,45,92,27,6100
1028,02-Feb-22,111.96,106.8,133.62,352.38,7.31,0,232,296,135,33.2,7.52,4.2,41,80,24,6800
1029,03-Feb-22,110.41,110.92,129.51,350.84,7.26,0,258,304,145,38.5,7.55,4.3,43,88,28,3600
1030,04-Feb-22,102.19,107.29,137.26,346.74,7.29,0,237,296,130,25.6,7.51,4.5,46,84,25,5500
1031,05-Feb-22,107.17,111.01,129.16,347.34,7.31,0,268,312,140,29.4,7.39,4.7,41,76,23,6900
1032,06-Feb-22,117.4,107.65,120.47,345.52,7.24,0,251,296,135,23.7,7.44,4.6,40,68,26,6000
1033,07-Feb-22,100.32,113.74,134.2,348.26,7.39,0,211,288,125,16.3,7.58,4.4,46,80,24,6000
1034,08-Feb-22,104.2,110.6,131.88,346.68,7.24,0,224,304,135,26.2,7.5,4.3,42,76,26,8100
1035,09-Feb-22,105.08,111.62,130.33,347.03,7.23,0,230,304,140,34.5,7.44,4.2,40,80,28,7400
1036,10-Feb-22,104.75,110.64,130.59,345.98,7.31,0,222,288,130,24.1,7.53,4.4,44,72,25,5600
1037,11-Feb-22,104.33,111.21,133.95,349.49,7.33,0,249,320,145,35.7,7.45,4.3,42,72,27,5500
1038,12-Feb-22,107.2,108.9,131.37,347.47,7.37,0,271,336,150,38.5,7.48,4.2,46,76,25,8000
1039,13-Feb-22,120.49,90,135,345.49,7.21,0,254,296,155,22.7,7.51,4.4,42,80,26,4000
1040,14-Feb-22,110.48,105.82,132.41,348.71,7.27,0,253,320,145,30.6,7.52,4.3,45,84,24,6800
1041,15-Feb-22,108.55,136.29,106.69,351.53,7.34,0,293,336,160,35.7,7.5,4.2,47,88,27,7400
1042,16-Feb-22,107.48,120.03,118.26,345.77,7.35,0,255,312,145,38.5,7.53,4.4,43,76,26,8000
1043,17-Feb-22,113.21,127.4,106.09,346.7,7.35,0,233,304,140,29.4,7.53,4.6,46,72,23,6000
1044,18-Feb-22,112.43,126.36,114.78,353.57,7.23,0,251,288,150,34.5,7.47,4.5,41,76,24,6100
1045,19-Feb-22,116.99,114.17,116.02,347.18,7.29,0,284,320,130,34.4,7.55,4.4,44,80,25,4000
1046,20-Feb-22,117.16,115.54,112.77,345.47,7.27,0,227,272,140,33.2,7.5,4.3,41,84,27,5500
1047,21-Feb-22,126.05,108.31,115.2,349.56,7.23,0,277,320,135,39.9,7.56,4.5,41,76,21,8100
1048,22-Feb-22,133.51,98.61,116.18,348.3,7.28,0,227,288,130,33.2,7.48,4.4,40,72,26,7400
1049,23-Feb-22,127.66,106.2,111.83,345.69,7.25,0,222,280,140,22.7,7.53,4.3,43,68,24,8200
1050,24-Feb-22,129.89,108.85,109.1,347.84,7.27,0,212,288,150,35.7,7.51,4.4,44,80,26,3800
1051,25-Feb-22,128.1,108.9,109.84,346.84,7.33,0,276,352,145,33.3,7.49,4.5,40,76,25,6800
1052,26-Feb-22,140.28,97.22,113.29,350.79,7.33,0,274,352,150,38.5,7.57,4.5,45,80,28,6100
1053,27-Feb-22,134.16,106.42,105.17,345.75,7.33,0,252,296,140,28.5,7.6,4.3,43,84,24,6000
1054,28-Feb-22,125.57,105.69,116.99,348.25,7.24,0,239,288,130,30.5,7.36,4.3,44,72,21,6000
1055,01-Mar-22,133.29,105.18,107.99,346.46,7.3,0,217,272,135,22.7,7.59,4.4,44,68,23,6800
1056,02-Mar-22,142.59,103.48,102.96,349.03,7.15,0,254,304,145,25.6,7.58,4.2,40,80,25,4000
1057,03-Mar-22,141.59,90.8,115.02,347.41,7.3,0,253,296,130,38.5,7.56,4.3,42,76,24,5500
1058,04-Mar-22,149.06,80.83,124.54,354.43,7.28,0,243,288,135,26.6,7.57,4.5,41,72,26,6800
1059,05-Mar-22,141.46,88.87,115.41,345.74,7.31,0,236,280,130,22.7,7.52,4.2,40,68,23,4000
1060,06-Mar-22,145.17,110.8,91.03,347,7.34,0,252,312,155,34.5,7.58,4.4,38,72,27,6800
1061,07-Mar-22,154.09,100.85,93.38,348.32,7.43,0,271,320,150,33.2,7.62,4.3,45,80,25,4000
1062,08-Mar-22,154.76,82.99,122.6,360.35,7.42,0,274,324,155,35.7,7.61,4.2,46,84,26,9200
1063,09-Mar-22,154.81,76.64,124.06,355.51,7.36,0,246,296,145,22.7,7.59,4.5,41,76,27,3700
1064,10-Mar-22,149.81,79.59,121.07,350.47,7.42,0,251,304,140,35.7,7.58,4.2,43,80,24,6000
1065,11-Mar-22,142.27,80.84,124.45,347.56,7.44,0,230,272,135,38.5,7.6,4.4,39,72,25,6100
1066,12-Mar-22,142,78.83,127.93,348.76,7.41,0,259,312,150,30.5,7.62,4.3,44,84,26,5500
1067,13-Mar-22,143.27,81.42,127.1,351.79,7.36,0,294,320,160,41.7,7.6,4.2,43,80,24,5500
1068,14-Mar-22,145.22,78.85,122.64,346.71,7.34,0,274,304,140,40.9,7.57,4.3,46,88,21,4000
1069,15-Mar-22,147.66,74.94,123,345.6,7.4,0,245,312,145,30.5,7.62,4.3,46,88,24,6100
1070,16-Mar-22,138.62,91.07,117.73,347.42,7.34,0,269,320,155,34.5,7.6,4.5,41,76,25,8100
1071,17-Mar-22,145.84,88.15,118.04,352.03,7.32,0,284,324,150,38.5,7.57,4.4,45,80,27,4000
1072,18-Mar-22,147.27,99.05,110.5,356.82,7.33,0,268,312,145,35.7,7.6,4.3,43,76,23,6000
1073,19-Mar-22,130.03,100.26,115.55,345.84,7.29,0,243,304,140,47,7.55,4.3,40,72,26,5500
1074,20-Mar-22,134.02,103.25,110.07,347.34,7.34,0,213,272,130,22.7,7.62,4.4,43,80,25,7300
1075,21-Mar-22,130.86,100.56,117.4,348.82,7.15,0,231,280,135,20,7.56,4.2,39,76,21,6000
1076,22-Mar-22,135.07,99.26,112.33,346.66,7.32,0,246,312,140,40,7.6,4.4,41,72,23,6100
1077,23-Mar-22,125.38,100.1,120.24,345.72,7.23,0,227,296,140,28.5,7.56,4.2,45,84,25,3600
1078,24-Mar-22,116.96,100.55,130.28,347.79,7.31,0,245,320,150,30.5,7.57,4.6,43,76,24,6100
1079,25-Mar-22,120.91,101.25,138.65,360.81,7.35,0,259,328,155,40.9,7.54,4.4,42,80,26,5500
1080,26-Mar-22,125.54,112.1,127.48,365.12,7.16,0,239,312,140,24.1,7.49,4.3,47,88,27,3900
1081,27-Mar-22,151.11,90.1,121.99,363.2,7.29,0,229,304,135,23.2,7.55,4.2,38,80,23,6000
1082,28-Mar-22,139.19,107.22,121.38,367.79,7.26,0,272,320,145,22.3,7.56,4.4,42,76,25,5900
1083,29-Mar-22,138.42,100.26,123.47,362.15,7.28,0,276,312,140,25.6,7.4,4.5,39,68,24,3800
1084,30-Mar-22,144.97,96.1,125.8,366.87,7.29,0,269,304,130,21.2,7.45,4.2,43,72,26,5500
1085,31-Mar-22,153.92,85.97,107.4,347.29,7.31,0,256,312,135,28.5,7.56,4.5,45,80,27,3600
1086,01-Apr-22,149.03,96.05,100.37,345.45,7.28,0,236,296,130,19.8,7.49,4.5,46,76,23,6000
1087,02-Apr-22,151.19,87.05,108.16,346.4,7.31,0,254,312,145,24.8,7.46,4.3,42,72,21,8100
1088,03-Apr-22,153.72,72,122.03,347.75,7.32,0,215,288,135,20.6,7.52,4.2,45,80,24,7400
1089,04-Apr-22,153.49,73.78,118.11,345.38,7.26,0,225,296,125,26.6,7.6,4.6,44,76,25,7300
1090,05-Apr-22,149.63,85.51,114.43,349.57,7.27,0,219,280,130,21.2,7.62,4.4,39,68,26,5500
1091,06-Apr-22,129.89,103.55,112.6,346.04,7.37,0,243,196,140,24.8,7.64,4.5,38,72,22,3600
1092,07-Apr-22,136.78,102.12,108.06,346.96,7.32,0,213,280,135,19.8,7.62,4.6,41,64,21,6000
1093,08-Apr-22,140.04,107.46,110.54,358.04,7.8,0,234,296,145,24.8,7.64,4.5,43,68,26,4000
1094,09-Apr-22,140.85,108.1,104.03,352.98,7.22,0,226,288,140,24.4,7.56,4.3,46,80,25,6000
1095,10-Apr-22,150.65,98.03,100.13,348.81,7.34,0,241,296,150,20.3,7.59,4.4,45,84,27,4000
1096,11-Apr-22,146.48,98.34,107.14,351.96,7.27,0,213,272,125,21.5,7.61,4.6,40,68,24,5500
1097,12-Apr-22,149.22,85.45,111.47,346.14,7.24,0,219,288,135,28.5,7.57,4.3,42,72,25,7400
1098,13-Apr-22,138.88,100.45,113.55,352.88,7.31,0,215,296,140,21.2,7.55,4.5,40,76,27,3700
1099,14-Apr-22,130.07,101,119.92,350.99,7.34,0,221,280,150,20.3,7.62,4.4,44,64,24,4000
1100,15-Apr-22,110.72,102,136,348.72,7.35,0,214,288,155,24.8,7.62,4.3,45,68,26,6000
1101,16-Apr-22,130.44,100,115.58,346.02,7.27,0,207,304,135,28.8,7.59,4.5,42,64,23,7400
1102,17-Apr-22,128.08,104,113.1,345.18,7.34,0,213,288,130,29.2,7.61,4.5,42,72,21,6800
1103,18-Apr-22,114.1,100.07,135,349.17,7.31,0,216,280,140,22.7,7.57,4.3,43,68,23,5600
1104,19-Apr-22,125.33,105.58,115.5,346.41,7.25,0,221,312,125,25.6,7.6,4.4,44,72,27,4000
1105,20-Apr-22,132.54,100.07,124.17,356.78,7.36,0,256,272,130,19.4,7.63,4.6,45,88,24,6000
1106,21-Apr-22,119.28,94.58,138.88,352.74,7.36,0,214,264,135,22.7,7.53,4.5,40,68,26,5600
1107,22-Apr-22,119.04,103.7,128.08,350.82,7.31,0,209,264,125,20.6,7.53,4.2,43,72,24,8100
1108,23-Apr-22,124.08,88.78,132.36,345.22,7.36,0,212,272,140,24.1,7.56,4.5,41,64,25,5500
1109,24-Apr-22,139.35,75.59,131.46,346.4,7.3,0,226,288,130,22.7,7.56,4.5,41,76,22,6000
1110,25-Apr-22,127.27,89.26,130.84,347.37,7.28,0,207,264,135,21.2,7.54,4.4,39,72,21,3700
1111,26-Apr-22,139.55,92.23,117.43,349.21,7.3,0,203,256,140,22.2,7.56,4.5,40,64,23,4000
1112,27-Apr-22,116.36,93.64,111.12,321.12,7.32,0,224,288,125,23.2,7.53,4.4,45,76,26,6000
1113,28-Apr-22,134.4,92.33,120.24,346.97,7.34,0,217,280,125,24.1,7.55,4.2,45,80,26,5600
1114,29-Apr-22,136.64,77.99,130.89,345.52,7.32,0,201,280,130,19.4,7.58,4.4,46,84,25,8100
1115,30-Apr-22,132.01,87.06,132.21,351.28,7.35,0,209,272,120,20.6,7.55,4.3,43,76,21,6000
1116,01-May-22,129.92,102.46,113.35,345.73,7.38,0,231,296,135,24.1,7.57,4.5,42,72,19,5500
1117,02-May-22,136.47,88.58,121.77,346.82,7.32,0,201,264,140,19.4,7.58,4.4,38,60,24,4000
1118,03-May-22,126.52,108.28,112.89,347.69,7.35,0,226,288,130,16.7,7.59,4.2,44,80,21,3800
1119,04-May-22,120.21,108.52,116.91,345.64,7.3,0,195,256,120,29.4,7.6,4.1,39,64,26,5500
1120,05-May-22,128.44,118.52,102.6,349.56,7.29,0,211,280,135,19.4,7.57,4.3,42,72,24,6800
1121,06-May-22,122.1,118.58,105.85,346.53,7.34,0,224,296,140,19.8,7.56,4.2,44,68,22,6000
1122,07-May-22,121.71,118.14,108.8,348.65,7.36,0,218,288,130,20.6,7.58,4.3,43,76,24,8200
1123,08-May-22,121.59,112.43,117.44,351.46,7.32,0,235,304,140,21.2,7.57,4.4,40,80,26,6800
1124,09-May-22,122.88,109.66,117.05,349.59,7.37,0,226,296,135,18.8,7.59,4.2,46,84,27,6800
1125,10-May-22,125.12,108.21,112.9,346.23,7.34,0,209,272,130,21.9,7.56,4.3,39,72,25,5500
1126,11-May-22,125.67,102.53,117.42,345.62,7.35,0,213,264,120,16.7,7.58,4.4,43,64,24,3700
1127,12-May-22,100.96,99,101.3,301.26,7.36,0,209,256,120,16.3,7.6,4.1,40,6,21,5500
1128,13-May-22,124.48,112.01,109.03,345.52,7.32,0,217,280,135,13.3,7.57,4.4,38,60,23,4000
1129,14-May-22,128.54,106.32,111.96,346.82,7.34,0,226,288,130,18.8,7.58,4.2,42,72,26,7400
1130,15-May-22,125.19,108.83,114.98,349,7.3,0,217,272,135,19.8,7.6,4.5,41,68,25,6000
1131,16-May-22,131.4,104.67,110.45,346.52,7.31,0,201,256,120,19.1,7.55,4.3,40,64,22,3600
1132,17-May-22,122.46,100.54,122.2,345.2,7.29,0,195,256,115,16.3,7.57,4.1,39,72,25,5500
1133,18-May-22,124.37,105.19,116.9,346.46,7.34,0,197,264,125,16,7.59,4.3,44,76,23,6100
1134,19-May-22,106.55,103.36,93.78,303.69,7.32,0,219,280,130,17.1,7.6,4.4,42,80,24,6000
1135,20-May-22,106.07,102.95,91.05,300.07,7.35,0,209,272,,17.1,7.5,4.2,38,64,,5400
1136,21-May-22,106.03,107.04,92.63,305.7,7.31,0,226,288,,16,7.54,4.5,42,64,,6100
1137,22-May-22,106.83,95.65,97.56,300.04,7.28,0,198,256,,,7.59,4.4,46,80,,
1138,23-May-22,102.56,98.99,100.93,302.48,7.29,0,190,256,,,7.56,4.6,37,64,,
1139,24-May-22,105.6,100.93,101.66,308.19,7.36,0,242,196,,,7.58,4.7,41,60,,
,,,,,,,,,,,,,,,,,
,,,,,,,,,,,,,,,,,
,,,,,,,,,,,,,,,,,
,,,,,,,,,,,,,,,,,
,,,,,,,,,,,,,,,,,
,,,,,,,,,,,,,,,,,
,,,,,,,,,,,,,,,,,
